MONITOR ID,LOCATION_NAME,SAMPLE COLLECTION TIME,DOSE EQUIVALENT RATE (nSv/h),GAMMA COUNT RATE R02 (CPM),GAMMA COUNT RATE R03 (CPM),GAMMA COUNT RATE R04 (CPM),GAMMA COUNT RATE R05 (CPM),GAMMA COUNT RATE R06 (CPM),GAMMA COUNT RATE R07 (CPM),GAMMA COUNT RATE R08 (CPM),GAMMA COUNT RATE R09 (CPM),STATUS
204,NY: NEW YORK CITY,06/09/2006 19:57:00,,150.00,50.00,73.00,65.00,122.00,744.00,6486.00,715.00,APPROVED
204,NY: NEW YORK CITY,06/09/2006 20:57:00,,150.00,50.00,72.00,63.00,119.00,738.00,6415.00,705.00,APPROVED
204,NY: NEW YORK CITY,06/09/2006 22:57:00,,151.00,51.00,70.00,61.00,120.00,741.00,6580.00,712.00,APPROVED
204,NY: NEW YORK CITY,06/09/2006 23:57:00,,149.00,50.00,69.00,60.00,123.00,740.00,6680.00,715.00,APPROVED
204,NY: NEW YORK CITY,06/10/2006 07:59:00,,156.00,49.00,71.00,60.00,123.00,751.00,6861.00,729.00,APPROVED
204,NY: NEW YORK CITY,06/10/2006 09:59:00,,150.00,50.00,70.00,60.00,121.00,741.00,6832.00,733.00,APPROVED
204,NY: NEW YORK CITY,06/10/2006 11:00:00,,150.00,50.00,70.00,58.00,124.00,741.00,6825.00,718.00,APPROVED
204,NY: NEW YORK CITY,06/10/2006 12:00:00,,152.00,48.00,72.00,60.00,121.00,742.00,6820.00,724.00,APPROVED
204,NY: NEW YORK CITY,06/10/2006 13:00:00,,149.00,48.00,72.00,59.00,119.00,732.00,6814.00,724.00,APPROVED
204,NY: NEW YORK CITY,06/10/2006 16:01:00,,148.00,49.00,73.00,61.00,120.00,741.00,6849.00,727.00,APPROVED
204,NY: NEW YORK CITY,06/10/2006 19:01:00,,148.00,48.00,70.00,56.00,120.00,739.00,6873.00,721.00,APPROVED
204,NY: NEW YORK CITY,06/10/2006 23:02:00,,149.00,47.00,70.00,53.00,118.00,732.00,6845.00,714.00,APPROVED
204,NY: NEW YORK CITY,06/11/2006 00:02:00,,142.00,47.00,70.00,52.00,117.00,723.00,6847.00,715.00,APPROVED
204,NY: NEW YORK CITY,06/11/2006 04:03:00,,144.00,46.00,69.00,49.00,119.00,724.00,6853.00,707.00,APPROVED
204,NY: NEW YORK CITY,06/11/2006 05:03:00,,140.00,49.00,68.00,46.00,122.00,722.00,6810.00,705.00,APPROVED
204,NY: NEW YORK CITY,06/11/2006 10:04:00,,140.00,46.00,69.00,45.00,117.00,723.00,6851.00,698.00,APPROVED
204,NY: NEW YORK CITY,06/11/2006 12:05:00,,143.00,46.00,69.00,45.00,119.00,725.00,6803.00,700.00,APPROVED
204,NY: NEW YORK CITY,06/11/2006 14:05:00,,147.00,48.00,73.00,53.00,122.00,742.00,6852.00,719.00,APPROVED
204,NY: NEW YORK CITY,06/11/2006 16:05:00,,148.00,49.00,72.00,56.00,121.00,738.00,6852.00,724.00,APPROVED
204,NY: NEW YORK CITY,06/11/2006 17:06:00,,150.00,50.00,70.00,56.00,121.00,745.00,6856.00,725.00,APPROVED
204,NY: NEW YORK CITY,06/11/2006 18:06:00,,147.00,48.00,71.00,54.00,122.00,741.00,6820.00,719.00,APPROVED
204,NY: NEW YORK CITY,06/12/2006 07:08:00,,148.00,49.00,70.00,56.00,122.00,740.00,6862.00,725.00,APPROVED
204,NY: NEW YORK CITY,06/12/2006 10:09:00,,154.00,48.00,71.00,57.00,121.00,745.00,6876.00,725.00,APPROVED
204,NY: NEW YORK CITY,06/12/2006 13:10:00,,152.00,50.00,71.00,61.00,122.00,750.00,6868.00,732.00,APPROVED
204,NY: NEW YORK CITY,06/12/2006 14:10:00,,150.00,50.00,72.00,62.00,119.00,744.00,6814.00,731.00,APPROVED
204,NY: NEW YORK CITY,06/12/2006 16:10:00,,153.00,49.00,72.00,62.00,123.00,748.00,6770.00,728.00,APPROVED
204,NY: NEW YORK CITY,06/12/2006 20:11:00,,150.00,51.00,71.00,61.00,121.00,741.00,6419.00,704.00,APPROVED
204,NY: NEW YORK CITY,06/12/2006 21:11:00,,149.00,50.00,72.00,63.00,121.00,746.00,6299.00,706.00,APPROVED
204,NY: NEW YORK CITY,06/12/2006 23:11:00,,150.00,50.00,72.00,61.00,120.00,744.00,6540.00,718.00,APPROVED
204,NY: NEW YORK CITY,06/13/2006 00:12:00,,153.00,51.00,73.00,63.00,123.00,755.00,6726.00,736.00,APPROVED
204,NY: NEW YORK CITY,06/13/2006 03:12:00,,157.00,50.00,74.00,64.00,123.00,765.00,6822.00,739.00,APPROVED
204,NY: NEW YORK CITY,06/13/2006 04:12:00,,157.00,51.00,71.00,62.00,121.00,754.00,6850.00,750.00,APPROVED
204,NY: NEW YORK CITY,06/13/2006 05:13:00,,158.00,51.00,71.00,62.00,123.00,764.00,6870.00,745.00,APPROVED
204,NY: NEW YORK CITY,06/13/2006 06:13:00,,157.00,50.00,74.00,62.00,123.00,765.00,6879.00,750.00,APPROVED
204,NY: NEW YORK CITY,06/13/2006 10:14:00,,160.00,51.00,71.00,63.00,124.00,763.00,6927.00,758.00,APPROVED
204,NY: NEW YORK CITY,06/13/2006 11:14:00,,159.00,51.00,72.00,63.00,124.00,763.00,6913.00,754.00,APPROVED
204,NY: NEW YORK CITY,06/13/2006 15:15:00,,155.00,50.00,73.00,67.00,125.00,758.00,6372.00,721.00,APPROVED
204,NY: NEW YORK CITY,06/13/2006 16:15:00,,153.00,50.00,72.00,65.00,121.00,748.00,6295.00,709.00,APPROVED
204,NY: NEW YORK CITY,06/13/2006 19:15:00,,152.00,53.00,72.00,67.00,124.00,755.00,6860.00,737.00,APPROVED
204,NY: NEW YORK CITY,06/13/2006 20:16:00,,154.00,51.00,69.00,65.00,122.00,749.00,6874.00,740.00,APPROVED
204,NY: NEW YORK CITY,06/13/2006 21:16:00,,152.00,52.00,72.00,65.00,122.00,748.00,6892.00,731.00,APPROVED
204,NY: NEW YORK CITY,06/13/2006 22:16:00,,150.00,51.00,72.00,65.00,121.00,752.00,6891.00,737.00,APPROVED
204,NY: NEW YORK CITY,06/14/2006 02:17:00,,151.00,50.00,72.00,63.00,121.00,747.00,6888.00,739.00,APPROVED
204,NY: NEW YORK CITY,06/14/2006 03:17:00,,154.00,50.00,70.00,63.00,120.00,749.00,6877.00,733.00,APPROVED
204,NY: NEW YORK CITY,06/14/2006 04:17:00,,155.00,52.00,75.00,68.00,124.00,758.00,6893.00,744.00,APPROVED
204,NY: NEW YORK CITY,06/14/2006 06:18:00,,158.00,52.00,72.00,65.00,126.00,769.00,6858.00,753.00,APPROVED
204,NY: NEW YORK CITY,06/14/2006 12:19:00,,174.00,54.00,77.00,71.00,127.00,808.00,6891.00,783.00,APPROVED
204,NY: NEW YORK CITY,06/14/2006 14:19:00,,172.00,56.00,75.00,70.00,131.00,810.00,6627.00,777.00,APPROVED
204,NY: NEW YORK CITY,06/14/2006 17:20:00,,167.00,54.00,74.00,68.00,127.00,789.00,6936.00,776.00,APPROVED
204,NY: NEW YORK CITY,06/14/2006 18:20:00,,165.00,53.00,73.00,67.00,124.00,772.00,6934.00,765.00,APPROVED
204,NY: NEW YORK CITY,06/14/2006 19:20:00,,160.00,52.00,74.00,66.00,122.00,768.00,6931.00,756.00,APPROVED
204,NY: NEW YORK CITY,06/14/2006 23:21:00,,159.00,51.00,71.00,64.00,123.00,759.00,6883.00,742.00,APPROVED
204,NY: NEW YORK CITY,06/15/2006 02:22:00,,153.00,50.00,71.00,64.00,122.00,747.00,6839.00,733.00,APPROVED
204,NY: NEW YORK CITY,06/15/2006 04:22:00,,158.00,52.00,73.00,67.00,123.00,764.00,6875.00,749.00,APPROVED
204,NY: NEW YORK CITY,06/15/2006 05:22:00,,158.00,52.00,72.00,64.00,122.00,765.00,6869.00,751.00,APPROVED
204,NY: NEW YORK CITY,06/15/2006 06:22:00,,161.00,51.00,72.00,66.00,125.00,769.00,6892.00,764.00,APPROVED
204,NY: NEW YORK CITY,06/15/2006 08:23:00,,163.00,55.00,71.00,66.00,126.00,782.00,6920.00,766.00,APPROVED
204,NY: NEW YORK CITY,06/15/2006 10:23:00,,166.00,54.00,74.00,67.00,126.00,781.00,6927.00,775.00,APPROVED
204,NY: NEW YORK CITY,06/15/2006 11:23:00,,162.00,52.00,75.00,67.00,124.00,781.00,6899.00,762.00,APPROVED
204,NY: NEW YORK CITY,06/15/2006 17:25:00,,152.00,52.00,72.00,66.00,121.00,747.00,6697.00,720.00,APPROVED
204,NY: NEW YORK CITY,06/15/2006 19:25:00,,152.00,51.00,71.00,64.00,119.00,741.00,6874.00,725.00,APPROVED
204,NY: NEW YORK CITY,06/15/2006 22:26:00,,153.00,51.00,73.00,66.00,119.00,746.00,6887.00,733.00,APPROVED
204,NY: NEW YORK CITY,06/16/2006 01:26:00,,149.00,49.00,73.00,60.00,120.00,747.00,6897.00,723.00,APPROVED
204,NY: NEW YORK CITY,06/16/2006 02:26:00,,148.00,49.00,71.00,60.00,121.00,740.00,6895.00,726.00,APPROVED
204,NY: NEW YORK CITY,06/16/2006 05:27:00,,144.00,48.00,69.00,52.00,120.00,730.00,6874.00,717.00,APPROVED
204,NY: NEW YORK CITY,06/16/2006 06:27:00,,147.00,47.00,71.00,53.00,118.00,730.00,6890.00,722.00,APPROVED
204,NY: NEW YORK CITY,06/16/2006 07:27:00,,147.00,46.00,70.00,51.00,119.00,732.00,6888.00,721.00,APPROVED
204,NY: NEW YORK CITY,06/16/2006 09:28:00,,151.00,49.00,71.00,51.00,120.00,744.00,6902.00,728.00,APPROVED
204,NY: NEW YORK CITY,06/16/2006 11:28:00,,153.00,48.00,70.00,53.00,121.00,751.00,6918.00,732.00,APPROVED
204,NY: NEW YORK CITY,06/16/2006 12:28:00,,152.00,50.00,72.00,56.00,123.00,752.00,6888.00,745.00,APPROVED
204,NY: NEW YORK CITY,06/16/2006 13:29:00,,157.00,48.00,73.00,58.00,123.00,757.00,6753.00,736.00,APPROVED
204,NY: NEW YORK CITY,06/16/2006 14:29:00,,152.00,50.00,71.00,58.00,123.00,748.00,6489.00,726.00,APPROVED
204,NY: NEW YORK CITY,06/16/2006 16:29:00,,153.00,51.00,70.00,65.00,121.00,747.00,6861.00,732.00,APPROVED
204,NY: NEW YORK CITY,06/16/2006 17:29:00,,154.00,49.00,72.00,66.00,122.00,752.00,6855.00,735.00,APPROVED
204,NY: NEW YORK CITY,06/16/2006 22:30:00,,154.00,53.00,71.00,67.00,121.00,746.00,6876.00,730.00,APPROVED
204,NY: NEW YORK CITY,06/16/2006 23:30:00,,151.00,52.00,69.00,65.00,121.00,745.00,6872.00,728.00,APPROVED
204,NY: NEW YORK CITY,06/17/2006 00:31:00,,151.00,50.00,72.00,65.00,120.00,743.00,6925.00,739.00,APPROVED
204,NY: NEW YORK CITY,06/17/2006 01:31:00,,153.00,50.00,71.00,65.00,122.00,742.00,6902.00,730.00,APPROVED
204,NY: NEW YORK CITY,06/17/2006 02:31:00,,154.00,49.00,73.00,64.00,120.00,745.00,6921.00,741.00,APPROVED
204,NY: NEW YORK CITY,06/17/2006 04:31:00,,156.00,48.00,74.00,63.00,125.00,753.00,6957.00,749.00,APPROVED
204,NY: NEW YORK CITY,06/17/2006 05:32:00,,156.00,50.00,75.00,61.00,124.00,767.00,6972.00,756.00,APPROVED
204,NY: NEW YORK CITY,06/17/2006 10:33:00,,157.00,52.00,72.00,52.00,126.00,773.00,6918.00,753.00,APPROVED
204,NY: NEW YORK CITY,06/17/2006 15:34:00,,167.00,51.00,74.00,60.00,128.00,795.00,6651.00,774.00,APPROVED
204,NY: NEW YORK CITY,06/17/2006 16:34:00,,168.00,53.00,74.00,61.00,127.00,797.00,6481.00,765.00,APPROVED
204,NY: NEW YORK CITY,06/17/2006 17:34:00,,170.00,55.00,74.00,64.00,127.00,803.00,6424.00,771.00,APPROVED
204,NY: NEW YORK CITY,06/17/2006 19:34:00,,173.00,55.00,75.00,67.00,133.00,818.00,6930.00,801.00,APPROVED
204,NY: NEW YORK CITY,06/17/2006 22:35:00,,171.00,55.00,74.00,69.00,126.00,798.00,6939.00,784.00,APPROVED
204,NY: NEW YORK CITY,06/18/2006 00:35:00,,165.00,54.00,75.00,68.00,125.00,786.00,6965.00,783.00,APPROVED
204,NY: NEW YORK CITY,06/22/2006 21:23:00,,164.00,54.00,72.00,70.00,125.00,776.00,6730.00,759.00,APPROVED
204,NY: NEW YORK CITY,06/23/2006 03:25:00,,183.00,58.00,78.00,74.00,132.00,832.00,7059.00,827.00,APPROVED
204,NY: NEW YORK CITY,06/23/2006 09:26:00,,170.00,58.00,76.00,71.00,128.00,801.00,7028.00,788.00,APPROVED
204,NY: NEW YORK CITY,06/23/2006 15:27:00,,168.00,57.00,75.00,70.00,126.00,795.00,7015.00,793.00,APPROVED
204,NY: NEW YORK CITY,06/23/2006 20:28:00,,165.00,54.00,74.00,71.00,123.00,780.00,6694.00,764.00,APPROVED
204,NY: NEW YORK CITY,06/25/2006 20:37:00,,154.00,55.00,71.00,69.00,123.00,757.00,6694.00,732.00,APPROVED
204,NY: NEW YORK CITY,06/27/2006 19:47:00,,149.00,53.00,70.00,67.00,119.00,736.00,6565.00,709.00,APPROVED
204,NY: NEW YORK CITY,06/27/2006 20:47:00,,149.00,52.00,68.00,65.00,117.00,734.00,6550.00,706.00,APPROVED
204,NY: NEW YORK CITY,06/30/2006 17:00:00,,157.00,49.00,73.00,66.00,123.00,759.00,6729.00,745.00,APPROVED
204,NY: NEW YORK CITY,07/06/2006 16:32:00,,152.00,53.00,71.00,67.00,120.00,744.00,6889.00,729.00,APPROVED
204,NY: NEW YORK CITY,07/06/2006 17:32:00,,155.00,54.00,72.00,68.00,119.00,752.00,6725.00,726.00,APPROVED
204,NY: NEW YORK CITY,07/06/2006 19:32:00,,153.00,50.00,74.00,67.00,121.00,759.00,6947.00,747.00,APPROVED
204,NY: NEW YORK CITY,07/06/2006 20:32:00,,153.00,51.00,73.00,66.00,121.00,752.00,6971.00,751.00,APPROVED
204,NY: NEW YORK CITY,07/06/2006 21:33:00,,154.00,51.00,70.00,63.00,121.00,751.00,6957.00,746.00,APPROVED
204,NY: NEW YORK CITY,07/06/2006 22:33:00,,154.00,50.00,72.00,64.00,118.00,748.00,6974.00,741.00,APPROVED
204,NY: NEW YORK CITY,07/06/2006 23:33:00,,151.00,49.00,73.00,65.00,119.00,742.00,6981.00,738.00,APPROVED
204,NY: NEW YORK CITY,07/07/2006 00:33:00,,152.00,50.00,71.00,62.00,119.00,744.00,6985.00,741.00,APPROVED
204,NY: NEW YORK CITY,07/07/2006 01:33:00,,154.00,49.00,71.00,60.00,121.00,748.00,6993.00,733.00,APPROVED
204,NY: NEW YORK CITY,07/07/2006 02:34:00,,150.00,47.00,68.00,59.00,121.00,738.00,6974.00,736.00,APPROVED
204,NY: NEW YORK CITY,07/07/2006 03:34:00,,153.00,50.00,71.00,61.00,122.00,746.00,6973.00,734.00,APPROVED
204,NY: NEW YORK CITY,07/07/2006 04:34:00,,151.00,50.00,72.00,63.00,119.00,742.00,6975.00,740.00,APPROVED
204,NY: NEW YORK CITY,07/07/2006 05:34:00,,152.00,50.00,72.00,61.00,121.00,754.00,6948.00,737.00,APPROVED
204,NY: NEW YORK CITY,07/07/2006 06:34:00,,154.00,50.00,72.00,62.00,121.00,749.00,6926.00,739.00,APPROVED
204,NY: NEW YORK CITY,07/07/2006 08:35:00,,150.00,49.00,73.00,63.00,122.00,749.00,6938.00,743.00,APPROVED
204,NY: NEW YORK CITY,07/07/2006 09:35:00,,152.00,49.00,71.00,62.00,120.00,751.00,6931.00,752.00,APPROVED
204,NY: NEW YORK CITY,07/07/2006 10:35:00,,157.00,49.00,71.00,60.00,121.00,755.00,6961.00,758.00,APPROVED
204,NY: NEW YORK CITY,07/07/2006 11:35:00,,158.00,50.00,72.00,61.00,123.00,764.00,6967.00,760.00,APPROVED
204,NY: NEW YORK CITY,07/07/2006 13:36:00,,158.00,51.00,74.00,66.00,121.00,761.00,6737.00,740.00,APPROVED
204,NY: NEW YORK CITY,07/07/2006 14:36:00,,156.00,51.00,74.00,65.00,120.00,760.00,6630.00,724.00,APPROVED
204,NY: NEW YORK CITY,07/07/2006 15:36:00,,156.00,50.00,72.00,64.00,122.00,754.00,6909.00,746.00,APPROVED
204,NY: NEW YORK CITY,07/07/2006 16:36:00,,155.00,52.00,70.00,63.00,124.00,755.00,6954.00,745.00,APPROVED
204,NY: NEW YORK CITY,07/07/2006 17:37:00,,151.00,51.00,73.00,66.00,118.00,748.00,6939.00,731.00,APPROVED
204,NY: NEW YORK CITY,07/07/2006 18:37:00,,152.00,51.00,71.00,64.00,119.00,745.00,6915.00,729.00,APPROVED
204,NY: NEW YORK CITY,07/07/2006 19:37:00,,153.00,51.00,71.00,64.00,117.00,740.00,6922.00,737.00,APPROVED
204,NY: NEW YORK CITY,07/07/2006 20:37:00,,152.00,52.00,72.00,66.00,120.00,742.00,6902.00,733.00,APPROVED
204,NY: NEW YORK CITY,07/07/2006 21:37:00,,151.00,51.00,74.00,65.00,120.00,747.00,6906.00,725.00,APPROVED
204,NY: NEW YORK CITY,07/07/2006 22:38:00,,153.00,51.00,71.00,65.00,121.00,748.00,6921.00,726.00,APPROVED
204,NY: NEW YORK CITY,07/07/2006 23:38:00,,151.00,50.00,71.00,64.00,117.00,741.00,6937.00,733.00,APPROVED
204,NY: NEW YORK CITY,07/08/2006 00:38:00,,152.00,48.00,71.00,63.00,118.00,740.00,6971.00,732.00,APPROVED
204,NY: NEW YORK CITY,07/08/2006 01:38:00,,151.00,50.00,72.00,63.00,117.00,743.00,6966.00,737.00,APPROVED
204,NY: NEW YORK CITY,07/08/2006 02:38:00,,147.00,49.00,71.00,60.00,120.00,735.00,6963.00,732.00,APPROVED
204,NY: NEW YORK CITY,07/08/2006 03:39:00,,151.00,50.00,71.00,60.00,121.00,745.00,6967.00,734.00,APPROVED
204,NY: NEW YORK CITY,07/08/2006 04:39:00,,148.00,48.00,73.00,62.00,118.00,742.00,6982.00,736.00,APPROVED
204,NY: NEW YORK CITY,07/08/2006 05:39:00,,155.00,51.00,71.00,63.00,120.00,751.00,6957.00,742.00,APPROVED
204,NY: NEW YORK CITY,07/08/2006 06:39:00,,157.00,50.00,73.00,65.00,119.00,754.00,6970.00,740.00,APPROVED
204,NY: NEW YORK CITY,07/08/2006 07:39:00,,159.00,52.00,71.00,65.00,121.00,759.00,6894.00,745.00,APPROVED
204,NY: NEW YORK CITY,07/08/2006 08:40:00,,158.00,52.00,74.00,67.00,122.00,768.00,6839.00,752.00,APPROVED
204,NY: NEW YORK CITY,07/08/2006 09:40:00,,159.00,52.00,70.00,64.00,120.00,761.00,6847.00,751.00,APPROVED
204,NY: NEW YORK CITY,07/08/2006 10:40:00,,162.00,53.00,75.00,67.00,123.00,776.00,6856.00,761.00,APPROVED
204,NY: NEW YORK CITY,07/08/2006 12:40:00,,164.00,55.00,74.00,69.00,124.00,785.00,6720.00,763.00,APPROVED
204,NY: NEW YORK CITY,07/08/2006 13:41:00,,162.00,53.00,74.00,69.00,125.00,778.00,6950.00,764.00,APPROVED
204,NY: NEW YORK CITY,07/08/2006 16:41:00,,158.00,52.00,72.00,67.00,124.00,764.00,6968.00,758.00,APPROVED
204,NY: NEW YORK CITY,07/08/2006 17:41:00,,159.00,52.00,74.00,66.00,118.00,757.00,6953.00,750.00,APPROVED
204,NY: NEW YORK CITY,07/08/2006 18:42:00,,157.00,51.00,71.00,64.00,119.00,754.00,6934.00,744.00,APPROVED
204,NY: NEW YORK CITY,07/08/2006 19:42:00,,156.00,51.00,73.00,66.00,120.00,756.00,6908.00,736.00,APPROVED
204,NY: NEW YORK CITY,07/08/2006 20:42:00,,156.00,50.00,73.00,66.00,119.00,751.00,6878.00,734.00,APPROVED
204,NY: NEW YORK CITY,07/08/2006 21:42:00,,153.00,51.00,72.00,68.00,122.00,755.00,6888.00,734.00,APPROVED
204,NY: NEW YORK CITY,07/08/2006 23:49:00,,153.00,49.00,70.00,64.00,122.00,744.00,6959.00,739.00,APPROVED
204,NY: NEW YORK CITY,07/09/2006 00:49:00,,152.00,51.00,73.00,64.00,122.00,751.00,7003.00,745.00,APPROVED
204,NY: NEW YORK CITY,07/09/2006 01:49:00,,156.00,50.00,73.00,63.00,120.00,755.00,7006.00,748.00,APPROVED
204,NY: NEW YORK CITY,07/09/2006 02:50:00,,153.00,49.00,70.00,61.00,120.00,752.00,6976.00,750.00,APPROVED
204,NY: NEW YORK CITY,07/09/2006 03:50:00,,155.00,52.00,71.00,62.00,124.00,760.00,6978.00,751.00,APPROVED
204,NY: NEW YORK CITY,07/09/2006 04:50:00,,154.00,51.00,73.00,64.00,124.00,757.00,6990.00,755.00,APPROVED
204,NY: NEW YORK CITY,07/09/2006 05:50:00,,158.00,51.00,74.00,66.00,120.00,763.00,6989.00,753.00,APPROVED
204,NY: NEW YORK CITY,07/09/2006 07:51:00,,164.00,52.00,72.00,64.00,126.00,775.00,7016.00,771.00,APPROVED
204,NY: NEW YORK CITY,07/09/2006 08:51:00,,165.00,54.00,73.00,67.00,127.00,787.00,7041.00,783.00,APPROVED
204,NY: NEW YORK CITY,07/09/2006 09:51:00,,172.00,55.00,76.00,71.00,127.00,812.00,7023.00,808.00,APPROVED
204,NY: NEW YORK CITY,07/09/2006 10:51:00,,180.00,58.00,76.00,70.00,132.00,830.00,7029.00,831.00,APPROVED
204,NY: NEW YORK CITY,07/09/2006 11:51:00,,187.00,61.00,78.00,71.00,134.00,856.00,7001.00,844.00,APPROVED
204,NY: NEW YORK CITY,07/09/2006 12:52:00,,193.00,61.00,79.00,72.00,136.00,865.00,6852.00,849.00,APPROVED
204,NY: NEW YORK CITY,07/09/2006 13:52:00,,189.00,59.00,80.00,73.00,133.00,855.00,6929.00,833.00,APPROVED
204,NY: NEW YORK CITY,07/09/2006 14:52:00,,177.00,58.00,75.00,70.00,130.00,818.00,6964.00,809.00,APPROVED
204,NY: NEW YORK CITY,07/09/2006 15:52:00,,173.00,56.00,75.00,70.00,128.00,802.00,6939.00,788.00,APPROVED
204,NY: NEW YORK CITY,07/09/2006 16:52:00,,169.00,53.00,75.00,69.00,126.00,795.00,6920.00,771.00,APPROVED
204,NY: NEW YORK CITY,07/09/2006 17:53:00,,164.00,53.00,74.00,67.00,123.00,780.00,6930.00,765.00,APPROVED
204,NY: NEW YORK CITY,07/09/2006 21:53:00,,153.00,52.00,73.00,66.00,121.00,755.00,6964.00,746.00,APPROVED
204,NY: NEW YORK CITY,07/09/2006 22:54:00,,154.00,49.00,72.00,65.00,122.00,750.00,6969.00,741.00,APPROVED
204,NY: NEW YORK CITY,07/09/2006 23:54:00,,153.00,51.00,71.00,62.00,120.00,751.00,6972.00,741.00,APPROVED
204,NY: NEW YORK CITY,07/10/2006 00:54:00,,152.00,49.00,72.00,65.00,121.00,743.00,6981.00,743.00,APPROVED
204,NY: NEW YORK CITY,07/10/2006 01:54:00,,153.00,52.00,72.00,64.00,120.00,754.00,6988.00,746.00,APPROVED
204,NY: NEW YORK CITY,07/10/2006 02:54:00,,156.00,51.00,72.00,66.00,120.00,756.00,6989.00,753.00,APPROVED
204,NY: NEW YORK CITY,07/10/2006 03:55:00,,157.00,52.00,73.00,68.00,122.00,761.00,6998.00,755.00,APPROVED
204,NY: NEW YORK CITY,07/10/2006 04:55:00,,161.00,53.00,73.00,67.00,123.00,765.00,6990.00,767.00,APPROVED
204,NY: NEW YORK CITY,07/10/2006 05:55:00,,163.00,54.00,72.00,66.00,123.00,777.00,6979.00,777.00,APPROVED
204,NY: NEW YORK CITY,07/10/2006 06:55:00,,161.00,52.00,74.00,66.00,123.00,774.00,6932.00,759.00,APPROVED
204,NY: NEW YORK CITY,07/10/2006 07:55:00,,159.00,52.00,73.00,66.00,122.00,768.00,6932.00,757.00,APPROVED
204,NY: NEW YORK CITY,07/10/2006 08:56:00,,160.00,51.00,74.00,65.00,127.00,774.00,6927.00,758.00,APPROVED
204,NY: NEW YORK CITY,07/10/2006 09:56:00,,163.00,53.00,73.00,67.00,123.00,777.00,6901.00,756.00,APPROVED
204,NY: NEW YORK CITY,07/10/2006 10:56:00,,160.00,54.00,73.00,67.00,123.00,776.00,6897.00,761.00,APPROVED
204,NY: NEW YORK CITY,07/10/2006 11:56:00,,163.00,55.00,73.00,67.00,125.00,781.00,6878.00,763.00,APPROVED
204,NY: NEW YORK CITY,07/10/2006 12:56:00,,161.00,53.00,72.00,66.00,125.00,767.00,6761.00,750.00,APPROVED
204,NY: NEW YORK CITY,07/10/2006 13:57:00,,163.00,52.00,74.00,69.00,123.00,778.00,6619.00,752.00,APPROVED
204,NY: NEW YORK CITY,07/10/2006 14:57:00,,168.00,58.00,74.00,69.00,126.00,795.00,6902.00,792.00,APPROVED
204,NY: NEW YORK CITY,07/10/2006 16:57:00,,176.00,59.00,77.00,72.00,130.00,822.00,6918.00,800.00,APPROVED
204,NY: NEW YORK CITY,07/10/2006 17:57:00,,181.00,56.00,78.00,72.00,133.00,835.00,6890.00,806.00,APPROVED
204,NY: NEW YORK CITY,07/10/2006 18:58:00,,183.00,59.00,77.00,73.00,131.00,831.00,6944.00,812.00,APPROVED
204,NY: NEW YORK CITY,07/10/2006 19:58:00,,179.00,57.00,78.00,73.00,130.00,823.00,6960.00,793.00,APPROVED
204,NY: NEW YORK CITY,07/10/2006 20:58:00,,173.00,57.00,77.00,73.00,126.00,811.00,6940.00,791.00,APPROVED
204,NY: NEW YORK CITY,07/10/2006 21:58:00,,170.00,56.00,76.00,71.00,125.00,804.00,6928.00,786.00,APPROVED
204,NY: NEW YORK CITY,07/10/2006 22:58:00,,171.00,57.00,77.00,71.00,125.00,801.00,6950.00,790.00,APPROVED
204,NY: NEW YORK CITY,07/10/2006 23:59:00,,166.00,54.00,75.00,71.00,125.00,789.00,7001.00,782.00,APPROVED
204,NY: NEW YORK CITY,07/11/2006 00:59:00,,165.00,55.00,75.00,70.00,125.00,787.00,7027.00,781.00,APPROVED
204,NY: NEW YORK CITY,07/11/2006 01:59:00,,167.00,56.00,74.00,69.00,123.00,787.00,7013.00,784.00,APPROVED
204,NY: NEW YORK CITY,07/11/2006 02:59:00,,167.00,54.00,75.00,70.00,126.00,793.00,7020.00,785.00,APPROVED
204,NY: NEW YORK CITY,07/11/2006 03:59:00,,168.00,54.00,74.00,71.00,124.00,788.00,7016.00,782.00,APPROVED
204,NY: NEW YORK CITY,07/11/2006 05:00:00,,169.00,55.00,76.00,72.00,123.00,793.00,7006.00,782.00,APPROVED
204,NY: NEW YORK CITY,07/11/2006 06:00:00,,170.00,56.00,76.00,70.00,126.00,798.00,7000.00,790.00,APPROVED
204,NY: NEW YORK CITY,07/11/2006 08:00:00,,168.00,53.00,74.00,69.00,122.00,785.00,6990.00,787.00,APPROVED
204,NY: NEW YORK CITY,07/11/2006 09:00:00,,167.00,54.00,74.00,68.00,127.00,788.00,7009.00,780.00,APPROVED
204,NY: NEW YORK CITY,07/11/2006 10:01:00,,169.00,55.00,74.00,70.00,123.00,789.00,7006.00,783.00,APPROVED
204,NY: NEW YORK CITY,07/11/2006 11:01:00,,169.00,54.00,75.00,70.00,125.00,794.00,6946.00,786.00,APPROVED
204,NY: NEW YORK CITY,07/11/2006 12:01:00,,171.00,55.00,75.00,69.00,127.00,796.00,6884.00,777.00,APPROVED
204,NY: NEW YORK CITY,07/11/2006 13:01:00,,169.00,56.00,74.00,71.00,126.00,794.00,6755.00,779.00,APPROVED
204,NY: NEW YORK CITY,07/11/2006 14:01:00,,172.00,57.00,72.00,69.00,126.00,792.00,6677.00,775.00,APPROVED
204,NY: NEW YORK CITY,07/11/2006 16:02:00,,182.00,59.00,76.00,73.00,129.00,827.00,6874.00,808.00,APPROVED
204,NY: NEW YORK CITY,07/11/2006 20:03:00,,190.00,61.00,77.00,73.00,136.00,852.00,6849.00,824.00,APPROVED
204,NY: NEW YORK CITY,07/11/2006 22:03:00,,186.00,61.00,80.00,74.00,134.00,849.00,6896.00,833.00,APPROVED
204,NY: NEW YORK CITY,07/12/2006 00:03:00,,194.00,62.00,81.00,76.00,137.00,864.00,7036.00,847.00,APPROVED
204,NY: NEW YORK CITY,07/12/2006 01:04:00,,189.00,64.00,78.00,73.00,136.00,863.00,7038.00,855.00,APPROVED
204,NY: NEW YORK CITY,07/12/2006 03:04:00,,189.00,59.00,76.00,71.00,132.00,843.00,7079.00,836.00,APPROVED
204,NY: NEW YORK CITY,07/12/2006 04:04:00,,187.00,59.00,78.00,74.00,133.00,849.00,7086.00,844.00,APPROVED
204,NY: NEW YORK CITY,07/12/2006 06:05:00,,197.00,65.00,78.00,75.00,137.00,877.00,7101.00,874.00,APPROVED
204,NY: NEW YORK CITY,07/12/2006 07:05:00,,199.00,63.00,79.00,74.00,137.00,875.00,7135.00,865.00,APPROVED
204,NY: NEW YORK CITY,07/12/2006 09:05:00,,192.00,63.00,79.00,76.00,136.00,863.00,7102.00,859.00,APPROVED
204,NY: NEW YORK CITY,07/12/2006 11:06:00,,191.00,63.00,77.00,74.00,134.00,858.00,7108.00,860.00,APPROVED
204,NY: NEW YORK CITY,07/12/2006 12:06:00,,194.00,60.00,79.00,76.00,133.00,862.00,7083.00,843.00,APPROVED
204,NY: NEW YORK CITY,07/12/2006 13:06:00,,189.00,63.00,77.00,75.00,132.00,855.00,7091.00,851.00,APPROVED
204,NY: NEW YORK CITY,07/12/2006 14:06:00,,187.00,61.00,77.00,76.00,133.00,846.00,7067.00,843.00,APPROVED
204,NY: NEW YORK CITY,07/12/2006 16:07:00,,186.00,60.00,76.00,74.00,135.00,838.00,7063.00,839.00,APPROVED
204,NY: NEW YORK CITY,07/12/2006 18:07:00,,185.00,62.00,75.00,73.00,132.00,838.00,6971.00,818.00,APPROVED
204,NY: NEW YORK CITY,07/12/2006 19:07:00,,186.00,61.00,77.00,76.00,131.00,840.00,6997.00,827.00,APPROVED
204,NY: NEW YORK CITY,07/12/2006 20:07:00,,190.00,62.00,76.00,73.00,132.00,847.00,7035.00,843.00,APPROVED
204,NY: NEW YORK CITY,07/12/2006 22:08:00,,347.00,100.00,109.00,101.00,206.00,1339.00,7848.00,1443.00,APPROVED
204,NY: NEW YORK CITY,07/12/2006 23:08:00,,291.00,88.00,95.00,89.00,178.00,1157.00,7479.00,1152.00,APPROVED
204,NY: NEW YORK CITY,07/13/2006 01:08:00,,195.00,64.00,75.00,74.00,136.00,857.00,7092.00,862.00,APPROVED
204,NY: NEW YORK CITY,07/13/2006 03:09:00,,216.00,68.00,81.00,81.00,144.00,931.00,7224.00,968.00,APPROVED
204,NY: NEW YORK CITY,07/13/2006 08:10:00,,196.00,65.00,77.00,74.00,136.00,866.00,7016.00,856.00,APPROVED
204,NY: NEW YORK CITY,07/13/2006 12:11:00,,196.00,62.00,78.00,76.00,135.00,871.00,7011.00,864.00,APPROVED
204,NY: NEW YORK CITY,07/13/2006 14:11:00,,194.00,64.00,79.00,76.00,137.00,863.00,6970.00,839.00,APPROVED
204,NY: NEW YORK CITY,07/13/2006 16:11:00,,193.00,64.00,76.00,75.00,138.00,866.00,7072.00,855.00,APPROVED
204,NY: NEW YORK CITY,07/13/2006 20:12:00,,173.00,56.00,74.00,72.00,128.00,801.00,7012.00,804.00,APPROVED
204,NY: NEW YORK CITY,07/13/2006 23:13:00,,171.00,55.00,76.00,71.00,126.00,801.00,7007.00,793.00,APPROVED
204,NY: NEW YORK CITY,07/14/2006 01:13:00,,170.00,56.00,75.00,70.00,125.00,802.00,7049.00,800.00,APPROVED
204,NY: NEW YORK CITY,07/14/2006 04:14:00,,167.00,55.00,75.00,71.00,127.00,793.00,7030.00,782.00,APPROVED
204,NY: NEW YORK CITY,07/14/2006 06:14:00,,168.00,55.00,73.00,69.00,127.00,790.00,6987.00,785.00,APPROVED
204,NY: NEW YORK CITY,07/14/2006 07:14:00,,168.00,55.00,75.00,69.00,127.00,790.00,6995.00,781.00,APPROVED
204,NY: NEW YORK CITY,07/14/2006 09:15:00,,169.00,57.00,75.00,70.00,125.00,795.00,6976.00,788.00,APPROVED
204,NY: NEW YORK CITY,07/14/2006 10:15:00,,173.00,56.00,72.00,69.00,125.00,796.00,6981.00,784.00,APPROVED
204,NY: NEW YORK CITY,07/14/2006 13:15:00,,165.00,55.00,74.00,71.00,126.00,784.00,6683.00,768.00,APPROVED
204,NY: NEW YORK CITY,07/14/2006 14:16:00,,169.00,57.00,74.00,71.00,125.00,790.00,6771.00,775.00,APPROVED
204,NY: NEW YORK CITY,07/14/2006 17:16:00,,164.00,56.00,73.00,71.00,124.00,782.00,6918.00,767.00,APPROVED
204,NY: NEW YORK CITY,07/14/2006 18:16:00,,161.00,56.00,72.00,69.00,128.00,778.00,6882.00,767.00,APPROVED
204,NY: NEW YORK CITY,07/14/2006 20:17:00,,160.00,53.00,73.00,69.00,123.00,771.00,6813.00,756.00,APPROVED
204,NY: NEW YORK CITY,07/15/2006 00:18:00,,157.00,52.00,72.00,66.00,123.00,761.00,6982.00,766.00,APPROVED
204,NY: NEW YORK CITY,07/17/2006 16:09:00,,162.00,55.00,74.00,72.00,124.00,778.00,6271.00,750.00,APPROVED
204,NY: NEW YORK CITY,07/17/2006 18:10:00,,170.00,58.00,75.00,73.00,127.00,796.00,5496.00,746.00,APPROVED
204,NY: NEW YORK CITY,07/17/2006 19:10:00,,166.00,57.00,75.00,74.00,126.00,793.00,5209.00,734.00,APPROVED
204,NY: NEW YORK CITY,07/17/2006 20:10:00,,170.00,58.00,74.00,72.00,126.00,798.00,5373.00,752.00,APPROVED
204,NY: NEW YORK CITY,07/17/2006 21:10:00,,172.00,59.00,74.00,72.00,130.00,805.00,5704.00,769.00,APPROVED
204,NY: NEW YORK CITY,07/17/2006 22:10:00,,178.00,59.00,76.00,72.00,131.00,817.00,6115.00,779.00,APPROVED
204,NY: NEW YORK CITY,07/17/2006 23:11:00,,179.00,58.00,73.00,69.00,128.00,813.00,6527.00,791.00,APPROVED
204,NY: NEW YORK CITY,07/18/2006 00:11:00,,177.00,58.00,77.00,73.00,131.00,822.00,6804.00,800.00,APPROVED
204,NY: NEW YORK CITY,07/18/2006 14:14:00,,197.00,62.00,81.00,78.00,134.00,875.00,6883.00,849.00,APPROVED
204,NY: NEW YORK CITY,07/18/2006 16:14:00,,193.00,62.00,81.00,76.00,136.00,867.00,6174.00,811.00,APPROVED
204,NY: NEW YORK CITY,07/18/2006 17:14:00,,192.00,63.00,79.00,76.00,135.00,865.00,5695.00,798.00,APPROVED
204,NY: NEW YORK CITY,07/18/2006 18:14:00,,189.00,63.00,78.00,75.00,134.00,858.00,5525.00,796.00,APPROVED
204,NY: NEW YORK CITY,07/18/2006 19:15:00,,192.00,63.00,77.00,75.00,134.00,866.00,5324.00,798.00,APPROVED
204,NY: NEW YORK CITY,07/18/2006 20:15:00,,190.00,64.00,78.00,76.00,134.00,858.00,5459.00,803.00,APPROVED
204,NY: NEW YORK CITY,07/18/2006 21:15:00,,196.00,65.00,78.00,76.00,136.00,870.00,5835.00,808.00,APPROVED
204,NY: NEW YORK CITY,07/18/2006 22:15:00,,193.00,63.00,79.00,75.00,134.00,869.00,6251.00,824.00,APPROVED
204,NY: NEW YORK CITY,07/18/2006 23:15:00,,199.00,64.00,78.00,74.00,140.00,885.00,6664.00,844.00,APPROVED
204,NY: NEW YORK CITY,07/19/2006 05:17:00,,211.00,65.00,82.00,73.00,144.00,919.00,7073.00,890.00,APPROVED
204,NY: NEW YORK CITY,07/19/2006 07:17:00,,175.00,58.00,75.00,70.00,131.00,814.00,6927.00,789.00,APPROVED
204,NY: NEW YORK CITY,07/19/2006 09:17:00,,172.00,58.00,73.00,69.00,126.00,807.00,6857.00,787.00,APPROVED
204,NY: NEW YORK CITY,07/19/2006 13:18:00,,168.00,57.00,74.00,69.00,128.00,794.00,6692.00,771.00,APPROVED
204,NY: NEW YORK CITY,07/23/2006 18:38:00,,163.00,53.00,73.00,69.00,123.00,767.00,6728.00,754.00,APPROVED
204,NY: NEW YORK CITY,07/24/2006 16:43:00,,155.00,53.00,74.00,68.00,119.00,760.00,6739.00,732.00,APPROVED
204,NY: NEW YORK CITY,07/24/2006 17:43:00,,155.00,54.00,72.00,68.00,122.00,757.00,6683.00,735.00,APPROVED
204,NY: NEW YORK CITY,07/24/2006 18:43:00,,157.00,53.00,73.00,69.00,120.00,762.00,6702.00,739.00,APPROVED
204,NY: NEW YORK CITY,07/24/2006 21:44:00,,157.00,53.00,75.00,68.00,123.00,770.00,6914.00,741.00,APPROVED
204,NY: NEW YORK CITY,07/24/2006 22:44:00,,155.00,51.00,72.00,65.00,121.00,750.00,6940.00,748.00,APPROVED
204,NY: NEW YORK CITY,07/24/2006 23:44:00,,156.00,53.00,73.00,63.00,123.00,761.00,6961.00,752.00,APPROVED
204,NY: NEW YORK CITY,07/25/2006 02:45:00,,159.00,52.00,71.00,65.00,123.00,761.00,7000.00,753.00,APPROVED
204,NY: NEW YORK CITY,07/25/2006 11:46:00,,168.00,54.00,72.00,68.00,126.00,791.00,7003.00,788.00,APPROVED
204,NY: NEW YORK CITY,07/25/2006 19:48:00,,161.00,53.00,71.00,67.00,124.00,770.00,6785.00,751.00,APPROVED
204,NY: NEW YORK CITY,07/26/2006 18:26:00,,152.00,55.00,64.00,63.00,119.00,732.00,6465.00,720.00,APPROVED
204,NY: NEW YORK CITY,07/26/2006 19:26:00,,153.00,53.00,73.00,69.00,121.00,759.00,6580.00,736.00,APPROVED
204,NY: NEW YORK CITY,07/27/2006 03:28:00,,158.00,53.00,73.00,70.00,122.00,764.00,6978.00,766.00,APPROVED
204,NY: NEW YORK CITY,07/27/2006 19:31:00,,186.00,60.00,75.00,74.00,131.00,836.00,6662.00,804.00,APPROVED
204,NY: NEW YORK CITY,07/27/2006 20:31:00,,184.00,61.00,74.00,73.00,133.00,838.00,6722.00,812.00,APPROVED
204,NY: NEW YORK CITY,07/27/2006 21:32:00,,185.00,60.00,78.00,75.00,133.00,834.00,6737.00,810.00,APPROVED
204,NY: NEW YORK CITY,07/28/2006 17:35:00,,179.00,61.00,76.00,76.00,131.00,829.00,6718.00,798.00,APPROVED
204,NY: NEW YORK CITY,07/28/2006 18:36:00,,175.00,58.00,76.00,72.00,127.00,813.00,6686.00,790.00,APPROVED
204,NY: NEW YORK CITY,07/28/2006 19:36:00,,174.00,59.00,75.00,73.00,126.00,805.00,6702.00,778.00,APPROVED
204,NY: NEW YORK CITY,07/29/2006 16:39:00,,179.00,57.00,80.00,76.00,129.00,827.00,6691.00,802.00,APPROVED
204,NY: NEW YORK CITY,07/29/2006 18:39:00,,173.00,58.00,75.00,71.00,129.00,809.00,6543.00,777.00,APPROVED
204,NY: NEW YORK CITY,07/29/2006 19:40:00,,170.00,60.00,75.00,71.00,127.00,808.00,6434.00,758.00,APPROVED
204,NY: NEW YORK CITY,07/29/2006 20:40:00,,171.00,58.00,73.00,70.00,127.00,802.00,6486.00,774.00,APPROVED
204,NY: NEW YORK CITY,07/29/2006 21:40:00,,175.00,58.00,75.00,70.00,128.00,805.00,6691.00,784.00,APPROVED
204,NY: NEW YORK CITY,07/30/2006 16:44:00,,183.00,59.00,75.00,72.00,131.00,828.00,6736.00,798.00,APPROVED
204,NY: NEW YORK CITY,07/30/2006 18:44:00,,177.00,58.00,76.00,72.00,128.00,815.00,6646.00,784.00,APPROVED
204,NY: NEW YORK CITY,07/30/2006 19:44:00,,173.00,57.00,75.00,71.00,126.00,811.00,6512.00,769.00,APPROVED
204,NY: NEW YORK CITY,07/30/2006 20:45:00,,172.00,57.00,75.00,71.00,127.00,805.00,6492.00,774.00,APPROVED
204,NY: NEW YORK CITY,07/30/2006 21:45:00,,172.00,57.00,74.00,71.00,127.00,803.00,6631.00,775.00,APPROVED
204,NY: NEW YORK CITY,07/30/2006 22:45:00,,171.00,57.00,75.00,70.00,127.00,799.00,6753.00,774.00,APPROVED
204,NY: NEW YORK CITY,07/31/2006 16:49:00,,163.00,55.00,73.00,70.00,127.00,783.00,6705.00,762.00,APPROVED
204,NY: NEW YORK CITY,07/31/2006 17:49:00,,167.00,55.00,73.00,68.00,124.00,784.00,6608.00,754.00,APPROVED
204,NY: NEW YORK CITY,07/31/2006 18:49:00,,164.00,56.00,72.00,68.00,125.00,786.00,6508.00,758.00,APPROVED
204,NY: NEW YORK CITY,07/31/2006 19:49:00,,165.00,55.00,74.00,71.00,124.00,787.00,6392.00,753.00,APPROVED
204,NY: NEW YORK CITY,07/31/2006 20:49:00,,168.00,58.00,75.00,72.00,125.00,793.00,6496.00,765.00,APPROVED
204,NY: NEW YORK CITY,07/31/2006 21:50:00,,169.00,56.00,75.00,72.00,127.00,798.00,6692.00,766.00,APPROVED
204,NY: NEW YORK CITY,08/01/2006 03:51:00,,174.00,56.00,76.00,72.00,128.00,813.00,7044.00,803.00,APPROVED
204,NY: NEW YORK CITY,08/01/2006 14:53:00,,216.00,71.00,82.00,79.00,144.00,926.00,6812.00,894.00,APPROVED
204,NY: NEW YORK CITY,08/01/2006 15:53:00,,217.00,69.00,84.00,80.00,144.00,927.00,6482.00,875.00,APPROVED
204,NY: NEW YORK CITY,08/01/2006 16:53:00,,206.00,68.00,82.00,79.00,143.00,912.00,5903.00,850.00,APPROVED
204,NY: NEW YORK CITY,08/01/2006 17:54:00,,205.00,66.00,79.00,77.00,140.00,900.00,5562.00,838.00,APPROVED
204,NY: NEW YORK CITY,08/01/2006 18:54:00,,201.00,67.00,82.00,79.00,138.00,895.00,5462.00,824.00,APPROVED
204,NY: NEW YORK CITY,08/01/2006 19:54:00,,202.00,65.00,80.00,77.00,138.00,887.00,5374.00,829.00,APPROVED
204,NY: NEW YORK CITY,08/01/2006 20:54:00,,203.00,66.00,80.00,80.00,140.00,898.00,5934.00,848.00,APPROVED
204,NY: NEW YORK CITY,08/01/2006 21:54:00,,204.00,66.00,80.00,78.00,136.00,893.00,6277.00,847.00,APPROVED
204,NY: NEW YORK CITY,08/01/2006 22:55:00,,210.00,67.00,82.00,77.00,144.00,908.00,6745.00,867.00,APPROVED
204,NY: NEW YORK CITY,08/01/2006 23:55:00,,211.00,66.00,84.00,78.00,143.00,921.00,6852.00,883.00,APPROVED
204,NY: NEW YORK CITY,08/02/2006 14:58:00,,224.00,72.00,86.00,84.00,147.00,954.00,6710.00,910.00,APPROVED
204,NY: NEW YORK CITY,08/02/2006 15:58:00,,212.00,70.00,82.00,80.00,142.00,924.00,6169.00,882.00,APPROVED
204,NY: NEW YORK CITY,08/02/2006 16:58:00,,207.00,66.00,81.00,78.00,141.00,904.00,5525.00,833.00,APPROVED
204,NY: NEW YORK CITY,08/02/2006 17:58:00,,200.00,67.00,81.00,78.00,139.00,893.00,5577.00,825.00,APPROVED
204,NY: NEW YORK CITY,08/02/2006 18:59:00,,201.00,64.00,81.00,78.00,141.00,886.00,5610.00,812.00,APPROVED
204,NY: NEW YORK CITY,08/02/2006 19:59:00,,200.00,66.00,81.00,78.00,138.00,887.00,5135.00,817.00,APPROVED
204,NY: NEW YORK CITY,08/02/2006 20:59:00,,201.00,66.00,81.00,79.00,140.00,895.00,5458.00,839.00,APPROVED
204,NY: NEW YORK CITY,08/02/2006 21:59:00,,209.00,67.00,82.00,79.00,142.00,912.00,6246.00,851.00,APPROVED
204,NY: NEW YORK CITY,08/02/2006 22:59:00,,210.00,65.00,81.00,76.00,143.00,918.00,6673.00,872.00,APPROVED
204,NY: NEW YORK CITY,08/03/2006 00:00:00,,211.00,65.00,82.00,76.00,141.00,912.00,6860.00,893.00,APPROVED
204,NY: NEW YORK CITY,08/03/2006 17:03:00,,206.00,66.00,83.00,79.00,140.00,906.00,5764.00,845.00,APPROVED
204,NY: NEW YORK CITY,08/03/2006 19:03:00,,197.00,64.00,79.00,78.00,135.00,876.00,4301.00,797.00,APPROVED
204,NY: NEW YORK CITY,08/03/2006 20:04:00,,188.00,64.00,77.00,75.00,133.00,857.00,4826.00,791.00,APPROVED
204,NY: NEW YORK CITY,08/03/2006 21:04:00,,186.00,60.00,78.00,76.00,132.00,846.00,4993.00,778.00,APPROVED
204,NY: NEW YORK CITY,08/04/2006 16:06:00,,193.00,62.00,79.00,75.00,135.00,862.00,6864.00,845.00,APPROVED
204,NY: NEW YORK CITY,08/04/2006 19:06:00,,174.00,57.00,77.00,73.00,128.00,816.00,6909.00,797.00,APPROVED
204,NY: NEW YORK CITY,08/04/2006 22:07:00,,161.00,54.00,74.00,70.00,122.00,767.00,6844.00,755.00,APPROVED
204,NY: NEW YORK CITY,08/05/2006 01:08:00,,158.00,52.00,74.00,70.00,121.00,763.00,6941.00,755.00,APPROVED
204,NY: NEW YORK CITY,08/05/2006 03:08:00,,162.00,54.00,72.00,66.00,125.00,777.00,7002.00,765.00,APPROVED
204,NY: NEW YORK CITY,08/05/2006 04:08:00,,158.00,53.00,73.00,67.00,121.00,767.00,7024.00,765.00,APPROVED
204,NY: NEW YORK CITY,08/05/2006 12:10:00,,165.00,53.00,73.00,66.00,124.00,785.00,7026.00,786.00,APPROVED
204,NY: NEW YORK CITY,08/05/2006 13:10:00,,167.00,55.00,74.00,67.00,128.00,788.00,7019.00,777.00,APPROVED
204,NY: NEW YORK CITY,08/05/2006 19:11:00,,159.00,55.00,72.00,69.00,123.00,768.00,6471.00,729.00,APPROVED
204,NY: NEW YORK CITY,08/05/2006 20:11:00,,158.00,53.00,73.00,69.00,122.00,767.00,6491.00,733.00,APPROVED
204,NY: NEW YORK CITY,08/05/2006 21:11:00,,159.00,53.00,74.00,71.00,122.00,770.00,6606.00,738.00,APPROVED
204,NY: NEW YORK CITY,08/06/2006 01:12:00,,161.00,54.00,73.00,68.00,125.00,774.00,6976.00,756.00,APPROVED
204,NY: NEW YORK CITY,08/06/2006 06:13:00,,160.00,52.00,74.00,65.00,123.00,777.00,7002.00,761.00,APPROVED
204,NY: NEW YORK CITY,08/06/2006 09:14:00,,160.00,52.00,73.00,61.00,127.00,781.00,7060.00,773.00,APPROVED
204,NY: NEW YORK CITY,08/06/2006 12:14:00,,173.00,55.00,75.00,67.00,127.00,807.00,7036.00,796.00,APPROVED
204,NY: NEW YORK CITY,08/06/2006 13:15:00,,171.00,56.00,77.00,70.00,131.00,806.00,7038.00,796.00,APPROVED
204,NY: NEW YORK CITY,08/06/2006 16:15:00,,162.00,54.00,73.00,68.00,124.00,780.00,6890.00,762.00,APPROVED
204,NY: NEW YORK CITY,08/06/2006 23:17:00,,159.00,53.00,73.00,68.00,121.00,764.00,6944.00,756.00,APPROVED
204,NY: NEW YORK CITY,08/07/2006 00:17:00,,159.00,54.00,74.00,69.00,123.00,768.00,6982.00,761.00,APPROVED
204,NY: NEW YORK CITY,08/07/2006 15:20:00,,165.00,56.00,76.00,72.00,126.00,782.00,6946.00,778.00,APPROVED
204,NY: NEW YORK CITY,08/07/2006 18:20:00,,173.00,60.00,75.00,71.00,129.00,808.00,6666.00,781.00,APPROVED
204,NY: NEW YORK CITY,08/07/2006 21:21:00,,191.00,63.00,78.00,73.00,136.00,855.00,6984.00,843.00,APPROVED
204,NY: NEW YORK CITY,08/07/2006 22:21:00,,193.00,61.00,79.00,75.00,138.00,866.00,6958.00,851.00,APPROVED
204,NY: NEW YORK CITY,08/08/2006 01:22:00,,209.00,66.00,84.00,79.00,139.00,910.00,7103.00,887.00,APPROVED
204,NY: NEW YORK CITY,08/08/2006 02:22:00,,206.00,67.00,82.00,79.00,138.00,904.00,7121.00,889.00,APPROVED
204,NY: NEW YORK CITY,08/08/2006 16:25:00,,162.00,55.00,76.00,71.00,122.00,779.00,6853.00,767.00,APPROVED
204,NY: NEW YORK CITY,08/08/2006 17:25:00,,166.00,54.00,74.00,70.00,124.00,783.00,6816.00,758.00,APPROVED
204,NY: NEW YORK CITY,08/08/2006 21:26:00,,161.00,53.00,73.00,67.00,123.00,765.00,6832.00,752.00,APPROVED
204,NY: NEW YORK CITY,08/08/2006 23:26:00,,158.00,51.00,71.00,66.00,120.00,757.00,6938.00,752.00,APPROVED
204,NY: NEW YORK CITY,08/09/2006 02:27:00,,156.00,51.00,73.00,64.00,120.00,759.00,6979.00,747.00,APPROVED
204,NY: NEW YORK CITY,08/09/2006 04:27:00,,154.00,51.00,71.00,61.00,124.00,761.00,6999.00,752.00,APPROVED
204,NY: NEW YORK CITY,08/09/2006 07:28:00,,163.00,52.00,72.00,61.00,122.00,772.00,7015.00,762.00,APPROVED
204,NY: NEW YORK CITY,08/09/2006 08:28:00,,165.00,51.00,72.00,62.00,124.00,780.00,6969.00,766.00,APPROVED
204,NY: NEW YORK CITY,08/09/2006 09:28:00,,165.00,52.00,73.00,62.00,126.00,786.00,6956.00,773.00,APPROVED
204,NY: NEW YORK CITY,08/09/2006 11:29:00,,155.00,50.00,73.00,64.00,122.00,758.00,6929.00,743.00,APPROVED
204,NY: NEW YORK CITY,08/09/2006 12:29:00,,153.00,51.00,72.00,62.00,119.00,751.00,6843.00,734.00,APPROVED
204,NY: NEW YORK CITY,08/09/2006 17:30:00,,151.00,50.00,72.00,66.00,119.00,742.00,6867.00,723.00,APPROVED
204,NY: NEW YORK CITY,08/09/2006 20:30:00,,153.00,51.00,72.00,67.00,118.00,749.00,6848.00,735.00,APPROVED
204,NY: NEW YORK CITY,08/10/2006 00:31:00,,151.00,50.00,72.00,63.00,119.00,745.00,6961.00,739.00,APPROVED
204,NY: NEW YORK CITY,08/10/2006 01:31:00,,152.00,47.00,72.00,60.00,122.00,747.00,6967.00,733.00,APPROVED
204,NY: NEW YORK CITY,08/10/2006 05:32:00,,156.00,50.00,73.00,65.00,118.00,752.00,6994.00,744.00,APPROVED
204,NY: NEW YORK CITY,08/10/2006 06:32:00,,156.00,51.00,73.00,67.00,122.00,755.00,6973.00,753.00,APPROVED
204,NY: NEW YORK CITY,08/10/2006 07:33:00,,153.00,51.00,73.00,65.00,122.00,755.00,6948.00,758.00,APPROVED
204,NY: NEW YORK CITY,08/10/2006 08:33:00,,161.00,51.00,72.00,65.00,123.00,768.00,6932.00,753.00,APPROVED
204,NY: NEW YORK CITY,08/10/2006 10:33:00,,163.00,52.00,75.00,66.00,124.00,773.00,6932.00,771.00,APPROVED
204,NY: NEW YORK CITY,08/10/2006 12:34:00,,168.00,55.00,73.00,65.00,126.00,791.00,6910.00,779.00,APPROVED
204,NY: NEW YORK CITY,08/10/2006 14:34:00,,163.00,55.00,75.00,68.00,125.00,785.00,6674.00,749.00,APPROVED
204,NY: NEW YORK CITY,08/10/2006 18:35:00,,167.00,55.00,74.00,69.00,129.00,792.00,6954.00,782.00,APPROVED
204,NY: NEW YORK CITY,08/10/2006 19:35:00,,184.00,57.00,77.00,71.00,132.00,831.00,7050.00,845.00,APPROVED
204,NY: NEW YORK CITY,08/11/2006 04:37:00,,187.00,58.00,77.00,71.00,135.00,844.00,7002.00,835.00,APPROVED
204,NY: NEW YORK CITY,08/11/2006 06:37:00,,175.00,56.00,74.00,70.00,128.00,804.00,6946.00,791.00,APPROVED
204,NY: NEW YORK CITY,08/11/2006 07:37:00,,165.00,55.00,74.00,68.00,127.00,784.00,6953.00,777.00,APPROVED
204,NY: NEW YORK CITY,08/11/2006 08:38:00,,161.00,55.00,71.00,65.00,124.00,779.00,6961.00,762.00,APPROVED
204,NY: NEW YORK CITY,08/11/2006 09:38:00,,158.00,52.00,71.00,66.00,125.00,766.00,6950.00,763.00,APPROVED
204,NY: NEW YORK CITY,08/11/2006 11:38:00,,160.00,53.00,72.00,65.00,121.00,765.00,6941.00,755.00,APPROVED
204,NY: NEW YORK CITY,08/11/2006 12:38:00,,159.00,54.00,73.00,66.00,124.00,772.00,6935.00,756.00,APPROVED
204,NY: NEW YORK CITY,08/11/2006 14:39:00,,149.00,52.00,72.00,63.00,117.00,741.00,6752.00,721.00,APPROVED
204,NY: NEW YORK CITY,08/11/2006 16:39:00,,149.00,48.00,69.00,59.00,122.00,737.00,6692.00,711.00,APPROVED
204,NY: NEW YORK CITY,08/11/2006 19:40:00,,151.00,50.00,69.00,63.00,119.00,742.00,6923.00,728.00,APPROVED
204,NY: NEW YORK CITY,08/11/2006 20:40:00,,153.00,49.00,72.00,66.00,117.00,747.00,6935.00,735.00,APPROVED
204,NY: NEW YORK CITY,08/11/2006 23:41:00,,149.00,49.00,71.00,63.00,121.00,738.00,6974.00,736.00,APPROVED
204,NY: NEW YORK CITY,08/12/2006 05:42:00,,146.00,48.00,70.00,55.00,120.00,742.00,6911.00,725.00,APPROVED
204,NY: NEW YORK CITY,08/12/2006 06:42:00,,151.00,48.00,72.00,55.00,122.00,750.00,6935.00,739.00,APPROVED
204,NY: NEW YORK CITY,08/12/2006 07:42:00,,150.00,49.00,74.00,53.00,123.00,758.00,6964.00,741.00,APPROVED
204,NY: NEW YORK CITY,08/12/2006 08:42:00,,155.00,49.00,70.00,49.00,128.00,769.00,6976.00,742.00,APPROVED
204,NY: NEW YORK CITY,08/12/2006 10:43:00,,153.00,48.00,69.00,51.00,121.00,753.00,6993.00,742.00,APPROVED
204,NY: NEW YORK CITY,08/12/2006 14:44:00,,150.00,48.00,70.00,56.00,121.00,746.00,6697.00,718.00,APPROVED
204,NY: NEW YORK CITY,08/12/2006 15:44:00,,145.00,49.00,72.00,58.00,120.00,739.00,6535.00,703.00,APPROVED
204,NY: NEW YORK CITY,08/12/2006 16:44:00,,151.00,49.00,72.00,60.00,119.00,747.00,6794.00,719.00,APPROVED
204,NY: NEW YORK CITY,08/12/2006 19:45:00,,153.00,50.00,72.00,64.00,122.00,746.00,6957.00,736.00,APPROVED
204,NY: NEW YORK CITY,08/12/2006 20:45:00,,150.00,51.00,73.00,66.00,120.00,751.00,6950.00,742.00,APPROVED
204,NY: NEW YORK CITY,08/12/2006 22:45:00,,153.00,51.00,71.00,64.00,117.00,747.00,6979.00,741.00,APPROVED
204,NY: NEW YORK CITY,08/14/2006 15:45:00,,157.00,53.00,76.00,65.00,124.00,772.00,6859.00,756.00,APPROVED
204,NY: NEW YORK CITY,08/14/2006 16:46:00,,168.00,54.00,76.00,67.00,128.00,800.00,6956.00,783.00,APPROVED
204,NY: NEW YORK CITY,08/14/2006 17:46:00,,173.00,55.00,75.00,67.00,128.00,803.00,6942.00,789.00,APPROVED
204,NY: NEW YORK CITY,08/14/2006 18:46:00,,175.00,56.00,76.00,69.00,130.00,810.00,6934.00,789.00,APPROVED
204,NY: NEW YORK CITY,08/14/2006 19:46:00,,176.00,57.00,77.00,71.00,129.00,822.00,6917.00,807.00,APPROVED
204,NY: NEW YORK CITY,08/16/2006 17:55:00,,160.00,51.00,75.00,70.00,125.00,770.00,6779.00,752.00,APPROVED
204,NY: NEW YORK CITY,08/16/2006 18:56:00,,161.00,55.00,74.00,69.00,122.00,772.00,6756.00,746.00,APPROVED
204,NY: NEW YORK CITY,08/16/2006 21:56:00,,159.00,54.00,75.00,70.00,119.00,768.00,6821.00,749.00,APPROVED
204,NY: NEW YORK CITY,08/16/2006 22:56:00,,164.00,54.00,72.00,67.00,123.00,776.00,6901.00,761.00,APPROVED
204,NY: NEW YORK CITY,08/17/2006 16:00:00,,165.00,53.00,75.00,67.00,127.00,786.00,6944.00,771.00,APPROVED
204,NY: NEW YORK CITY,08/17/2006 18:00:00,,160.00,52.00,73.00,66.00,124.00,773.00,6763.00,749.00,APPROVED
204,NY: NEW YORK CITY,08/17/2006 20:00:00,,166.00,52.00,75.00,68.00,121.00,777.00,6855.00,760.00,APPROVED
204,NY: NEW YORK CITY,08/17/2006 22:01:00,,164.00,54.00,73.00,65.00,127.00,786.00,6895.00,767.00,APPROVED
204,NY: NEW YORK CITY,08/18/2006 20:05:00,,155.00,50.00,73.00,66.00,122.00,752.00,6868.00,734.00,APPROVED
204,NY: NEW YORK CITY,08/19/2006 06:07:00,,156.00,52.00,71.00,65.00,120.00,751.00,6857.00,732.00,APPROVED
204,NY: NEW YORK CITY,08/19/2006 07:07:00,,156.00,51.00,73.00,67.00,120.00,753.00,6853.00,742.00,APPROVED
204,NY: NEW YORK CITY,08/19/2006 13:09:00,,158.00,53.00,72.00,68.00,118.00,761.00,6777.00,736.00,APPROVED
204,NY: NEW YORK CITY,08/19/2006 14:09:00,,155.00,54.00,73.00,69.00,121.00,760.00,6681.00,732.00,APPROVED
204,NY: NEW YORK CITY,08/19/2006 15:09:00,,159.00,53.00,72.00,70.00,121.00,763.00,6773.00,747.00,APPROVED
204,NY: NEW YORK CITY,08/20/2006 17:14:00,,219.00,68.00,83.00,80.00,146.00,934.00,6997.00,921.00,APPROVED
204,NY: NEW YORK CITY,08/20/2006 18:14:00,,216.00,65.00,86.00,79.00,148.00,932.00,6930.00,901.00,APPROVED
204,NY: NEW YORK CITY,08/20/2006 19:15:00,,214.00,67.00,83.00,77.00,143.00,928.00,6976.00,894.00,APPROVED
204,NY: NEW YORK CITY,08/20/2006 20:15:00,,213.00,66.00,84.00,77.00,144.00,927.00,6931.00,888.00,APPROVED
204,NY: NEW YORK CITY,08/20/2006 21:15:00,,204.00,65.00,81.00,75.00,140.00,896.00,6878.00,866.00,APPROVED
204,NY: NEW YORK CITY,08/20/2006 22:15:00,,197.00,63.00,80.00,73.00,140.00,886.00,6938.00,855.00,APPROVED
204,NY: NEW YORK CITY,08/21/2006 14:18:00,,159.00,53.00,72.00,65.00,121.00,761.00,6835.00,745.00,APPROVED
204,NY: NEW YORK CITY,08/21/2006 19:19:00,,156.00,52.00,71.00,64.00,124.00,759.00,6862.00,741.00,APPROVED
204,NY: NEW YORK CITY,08/21/2006 20:20:00,,157.00,52.00,72.00,66.00,119.00,757.00,6807.00,740.00,APPROVED
204,NY: NEW YORK CITY,08/21/2006 21:20:00,,159.00,52.00,72.00,65.00,123.00,762.00,6822.00,736.00,APPROVED
204,NY: NEW YORK CITY,08/21/2006 22:20:00,,158.00,53.00,72.00,66.00,119.00,752.00,6887.00,746.00,APPROVED
204,NY: NEW YORK CITY,08/22/2006 13:23:00,,152.00,51.00,71.00,60.00,122.00,755.00,6717.00,732.00,APPROVED
204,NY: NEW YORK CITY,08/22/2006 14:23:00,,156.00,51.00,71.00,62.00,121.00,756.00,6809.00,741.00,APPROVED
204,NY: NEW YORK CITY,08/22/2006 16:24:00,,156.00,52.00,73.00,66.00,119.00,759.00,6840.00,740.00,APPROVED
204,NY: NEW YORK CITY,08/22/2006 18:23:00,,159.00,52.00,73.00,66.00,121.00,762.00,6705.00,738.00,APPROVED
204,NY: NEW YORK CITY,08/22/2006 19:23:00,,156.00,52.00,71.00,66.00,121.00,758.00,6789.00,742.00,APPROVED
204,NY: NEW YORK CITY,08/25/2006 16:50:00,,167.00,57.00,72.00,68.00,126.00,786.00,6891.00,779.00,APPROVED
204,NY: NEW YORK CITY,08/25/2006 21:51:00,,170.00,58.00,75.00,69.00,121.00,796.00,6859.00,776.00,APPROVED
204,NY: NEW YORK CITY,08/25/2006 22:52:00,,169.00,53.00,74.00,70.00,125.00,791.00,6901.00,779.00,APPROVED
204,NY: NEW YORK CITY,08/26/2006 03:53:00,,163.00,53.00,74.00,70.00,123.00,771.00,6957.00,773.00,APPROVED
204,NY: NEW YORK CITY,08/26/2006 04:53:00,,163.00,52.00,73.00,68.00,125.00,773.00,6954.00,769.00,APPROVED
204,NY: NEW YORK CITY,08/26/2006 06:53:00,,220.00,64.00,84.00,78.00,147.00,944.00,7183.00,962.00,APPROVED
204,NY: NEW YORK CITY,08/26/2006 07:53:00,,210.00,64.00,80.00,74.00,141.00,918.00,7177.00,931.00,APPROVED
204,NY: NEW YORK CITY,08/28/2006 20:03:00,,167.00,61.00,66.00,74.00,125.00,800.00,7016.00,799.00,APPROVED
204,NY: NEW YORK CITY,08/28/2006 23:04:00,,175.00,59.00,70.00,74.00,128.00,802.00,7026.00,799.00,APPROVED
204,NY: NEW YORK CITY,08/29/2006 04:05:00,,181.00,61.00,74.00,73.00,129.00,821.00,7069.00,823.00,APPROVED
204,NY: NEW YORK CITY,08/29/2006 05:05:00,,187.00,60.00,77.00,74.00,131.00,841.00,7082.00,834.00,APPROVED
204,NY: NEW YORK CITY,08/29/2006 06:05:00,,192.00,63.00,75.00,71.00,133.00,852.00,7083.00,847.00,APPROVED
204,NY: NEW YORK CITY,08/29/2006 10:06:00,,188.00,62.00,79.00,76.00,132.00,849.00,7072.00,841.00,APPROVED
204,NY: NEW YORK CITY,08/29/2006 12:06:00,,182.00,60.00,77.00,72.00,128.00,828.00,7052.00,831.00,APPROVED
204,NY: NEW YORK CITY,08/29/2006 13:06:00,,186.00,60.00,80.00,74.00,129.00,828.00,7039.00,815.00,APPROVED
204,NY: NEW YORK CITY,08/29/2006 14:07:00,,184.00,60.00,76.00,72.00,131.00,831.00,7062.00,824.00,APPROVED
204,NY: NEW YORK CITY,08/29/2006 15:07:00,,199.00,63.00,80.00,74.00,136.00,883.00,7126.00,880.00,APPROVED
204,NY: NEW YORK CITY,08/29/2006 16:07:00,,244.00,72.00,88.00,82.00,158.00,1020.00,7322.00,1044.00,APPROVED
204,NY: NEW YORK CITY,08/29/2006 19:08:00,,194.00,60.00,80.00,75.00,133.00,861.00,7086.00,844.00,APPROVED
204,NY: NEW YORK CITY,08/29/2006 21:08:00,,217.00,69.00,82.00,75.00,145.00,934.00,7214.00,942.00,APPROVED
204,NY: NEW YORK CITY,08/30/2006 00:09:00,,169.00,55.00,73.00,70.00,126.00,791.00,7015.00,788.00,APPROVED
204,NY: NEW YORK CITY,08/30/2006 01:09:00,,172.00,57.00,76.00,71.00,126.00,799.00,7012.00,794.00,APPROVED
204,NY: NEW YORK CITY,08/30/2006 02:09:00,,174.00,57.00,74.00,70.00,128.00,811.00,7040.00,805.00,APPROVED
204,NY: NEW YORK CITY,08/30/2006 03:09:00,,169.00,58.00,75.00,72.00,128.00,796.00,6989.00,783.00,APPROVED
204,NY: NEW YORK CITY,08/30/2006 07:10:00,,261.00,76.00,88.00,80.00,167.00,1071.00,7371.00,1088.00,APPROVED
204,NY: NEW YORK CITY,08/30/2006 10:10:00,,200.00,65.00,81.00,76.00,140.00,888.00,7102.00,875.00,APPROVED
204,NY: NEW YORK CITY,08/30/2006 11:11:00,,190.00,61.00,79.00,75.00,132.00,849.00,7041.00,842.00,APPROVED
204,NY: NEW YORK CITY,08/30/2006 12:11:00,,192.00,62.00,79.00,73.00,135.00,865.00,6987.00,844.00,APPROVED
204,NY: NEW YORK CITY,08/30/2006 14:11:00,,182.00,57.00,77.00,71.00,130.00,829.00,6866.00,804.00,APPROVED
204,NY: NEW YORK CITY,08/30/2006 17:12:00,,172.00,56.00,74.00,70.00,127.00,798.00,6763.00,771.00,APPROVED
204,NY: NEW YORK CITY,08/30/2006 18:12:00,,168.00,54.00,72.00,67.00,123.00,787.00,6715.00,762.00,APPROVED
204,NY: NEW YORK CITY,08/30/2006 19:12:00,,167.00,55.00,74.00,68.00,126.00,789.00,6999.00,772.00,APPROVED
204,NY: NEW YORK CITY,08/30/2006 23:13:00,,168.00,55.00,76.00,71.00,125.00,791.00,7012.00,780.00,APPROVED
204,NY: NEW YORK CITY,08/31/2006 02:14:00,,167.00,54.00,74.00,68.00,126.00,791.00,7035.00,796.00,APPROVED
204,NY: NEW YORK CITY,08/31/2006 04:14:00,,179.00,56.00,77.00,72.00,129.00,817.00,7070.00,816.00,APPROVED
204,NY: NEW YORK CITY,08/31/2006 06:14:00,,182.00,59.00,76.00,72.00,129.00,826.00,7064.00,816.00,APPROVED
204,NY: NEW YORK CITY,08/31/2006 08:15:00,,180.00,59.00,78.00,72.00,132.00,828.00,7082.00,823.00,APPROVED
204,NY: NEW YORK CITY,08/31/2006 17:17:00,,149.00,47.00,70.00,54.00,119.00,737.00,6615.00,699.00,APPROVED
204,NY: NEW YORK CITY,08/31/2006 19:17:00,,152.00,49.00,70.00,57.00,122.00,746.00,6967.00,734.00,APPROVED
204,NY: NEW YORK CITY,08/31/2006 21:18:00,,151.00,49.00,73.00,62.00,122.00,755.00,6968.00,741.00,APPROVED
204,NY: NEW YORK CITY,08/31/2006 22:18:00,,158.00,51.00,73.00,63.00,122.00,765.00,7000.00,754.00,APPROVED
204,NY: NEW YORK CITY,09/01/2006 00:18:00,,157.00,49.00,73.00,59.00,125.00,762.00,7035.00,750.00,APPROVED
204,NY: NEW YORK CITY,09/01/2006 02:18:00,,152.00,48.00,70.00,58.00,120.00,751.00,7009.00,749.00,APPROVED
204,NY: NEW YORK CITY,09/01/2006 04:19:00,,157.00,49.00,72.00,59.00,124.00,764.00,6992.00,752.00,APPROVED
204,NY: NEW YORK CITY,09/01/2006 05:19:00,,160.00,51.00,72.00,61.00,123.00,769.00,6999.00,757.00,APPROVED
204,NY: NEW YORK CITY,09/01/2006 09:20:00,,169.00,54.00,76.00,67.00,127.00,800.00,6974.00,782.00,APPROVED
204,NY: NEW YORK CITY,09/01/2006 10:20:00,,169.00,54.00,74.00,64.00,129.00,802.00,6956.00,789.00,APPROVED
204,NY: NEW YORK CITY,09/01/2006 12:20:00,,173.00,54.00,73.00,65.00,131.00,812.00,7012.00,806.00,APPROVED
204,NY: NEW YORK CITY,09/01/2006 13:21:00,,177.00,54.00,77.00,67.00,131.00,817.00,6997.00,805.00,APPROVED
204,NY: NEW YORK CITY,09/01/2006 14:21:00,,172.00,54.00,77.00,68.00,129.00,811.00,6976.00,801.00,APPROVED
204,NY: NEW YORK CITY,09/01/2006 17:22:00,,160.00,52.00,74.00,66.00,125.00,772.00,6990.00,763.00,APPROVED
204,NY: NEW YORK CITY,09/01/2006 23:23:00,,154.00,50.00,72.00,63.00,123.00,755.00,6975.00,740.00,APPROVED
204,NY: NEW YORK CITY,09/02/2006 00:23:00,,155.00,51.00,73.00,64.00,120.00,758.00,6984.00,747.00,APPROVED
204,NY: NEW YORK CITY,09/02/2006 07:24:00,,160.00,52.00,74.00,63.00,122.00,772.00,6984.00,762.00,APPROVED
204,NY: NEW YORK CITY,09/02/2006 09:25:00,,159.00,51.00,72.00,63.00,122.00,760.00,6984.00,745.00,APPROVED
204,NY: NEW YORK CITY,09/02/2006 11:25:00,,157.00,51.00,71.00,65.00,121.00,757.00,6976.00,753.00,APPROVED
204,NY: NEW YORK CITY,09/02/2006 18:26:00,,157.00,53.00,74.00,69.00,121.00,762.00,6972.00,765.00,APPROVED
204,NY: NEW YORK CITY,09/02/2006 21:27:00,,184.00,57.00,77.00,71.00,132.00,836.00,7088.00,839.00,APPROVED
204,NY: NEW YORK CITY,09/02/2006 22:27:00,,184.00,57.00,76.00,72.00,130.00,831.00,7073.00,830.00,APPROVED
204,NY: NEW YORK CITY,09/02/2006 23:27:00,,172.00,56.00,74.00,69.00,128.00,806.00,7029.00,804.00,APPROVED
204,NY: NEW YORK CITY,09/03/2006 00:28:00,,183.00,59.00,76.00,72.00,135.00,840.00,7077.00,844.00,APPROVED
204,NY: NEW YORK CITY,09/03/2006 01:28:00,,178.00,58.00,77.00,71.00,128.00,825.00,7036.00,826.00,APPROVED
204,NY: NEW YORK CITY,09/03/2006 02:28:00,,167.00,55.00,74.00,71.00,126.00,794.00,7015.00,793.00,APPROVED
204,NY: NEW YORK CITY,09/03/2006 03:28:00,,169.00,57.00,73.00,70.00,124.00,791.00,6991.00,788.00,APPROVED
204,NY: NEW YORK CITY,09/03/2006 04:28:00,,168.00,56.00,74.00,71.00,127.00,799.00,7017.00,798.00,APPROVED
204,NY: NEW YORK CITY,09/03/2006 05:29:00,,165.00,56.00,73.00,70.00,127.00,788.00,6967.00,780.00,APPROVED
204,NY: NEW YORK CITY,09/03/2006 06:29:00,,159.00,53.00,74.00,70.00,120.00,755.00,6929.00,741.00,APPROVED
204,NY: NEW YORK CITY,09/03/2006 07:29:00,,160.00,52.00,72.00,69.00,123.00,760.00,6930.00,752.00,APPROVED
204,NY: NEW YORK CITY,09/03/2006 08:29:00,,160.00,55.00,71.00,69.00,122.00,767.00,6952.00,761.00,APPROVED
204,NY: NEW YORK CITY,09/03/2006 09:29:00,,162.00,55.00,74.00,70.00,121.00,777.00,6928.00,771.00,APPROVED
204,NY: NEW YORK CITY,09/03/2006 10:30:00,,168.00,55.00,73.00,70.00,125.00,786.00,6956.00,774.00,APPROVED
204,NY: NEW YORK CITY,09/03/2006 11:30:00,,170.00,56.00,76.00,72.00,124.00,792.00,6949.00,782.00,APPROVED
204,NY: NEW YORK CITY,09/03/2006 12:30:00,,174.00,57.00,74.00,70.00,125.00,805.00,6956.00,788.00,APPROVED
204,NY: NEW YORK CITY,09/03/2006 13:30:00,,172.00,57.00,75.00,71.00,127.00,807.00,6967.00,795.00,APPROVED
204,NY: NEW YORK CITY,09/03/2006 14:30:00,,172.00,57.00,74.00,70.00,127.00,801.00,6899.00,789.00,APPROVED
204,NY: NEW YORK CITY,09/03/2006 15:31:00,,173.00,56.00,74.00,70.00,128.00,797.00,6840.00,781.00,APPROVED
204,NY: NEW YORK CITY,09/03/2006 16:31:00,,167.00,54.00,75.00,70.00,125.00,785.00,6771.00,766.00,APPROVED
204,NY: NEW YORK CITY,09/03/2006 17:31:00,,165.00,54.00,73.00,69.00,123.00,780.00,6758.00,759.00,APPROVED
204,NY: NEW YORK CITY,09/03/2006 18:31:00,,166.00,56.00,73.00,67.00,124.00,784.00,6720.00,767.00,APPROVED
204,NY: NEW YORK CITY,09/03/2006 19:31:00,,159.00,53.00,74.00,68.00,124.00,774.00,6599.00,751.00,APPROVED
204,NY: NEW YORK CITY,09/03/2006 20:32:00,,160.00,54.00,74.00,67.00,125.00,772.00,6690.00,750.00,APPROVED
204,NY: NEW YORK CITY,09/03/2006 21:32:00,,163.00,51.00,75.00,67.00,124.00,776.00,6796.00,750.00,APPROVED
204,NY: NEW YORK CITY,09/03/2006 22:32:00,,164.00,53.00,75.00,66.00,125.00,780.00,6927.00,768.00,APPROVED
204,NY: NEW YORK CITY,09/03/2006 23:32:00,,168.00,54.00,74.00,66.00,128.00,789.00,6984.00,763.00,APPROVED
204,NY: NEW YORK CITY,09/04/2006 00:32:00,,165.00,54.00,76.00,67.00,126.00,792.00,7011.00,776.00,APPROVED
204,NY: NEW YORK CITY,09/04/2006 01:33:00,,168.00,54.00,74.00,65.00,125.00,785.00,7012.00,785.00,APPROVED
204,NY: NEW YORK CITY,09/04/2006 02:33:00,,166.00,51.00,75.00,65.00,124.00,781.00,7031.00,781.00,APPROVED
204,NY: NEW YORK CITY,09/04/2006 03:33:00,,166.00,53.00,74.00,64.00,125.00,789.00,7012.00,780.00,APPROVED
204,NY: NEW YORK CITY,09/04/2006 04:33:00,,170.00,55.00,72.00,61.00,126.00,795.00,7044.00,777.00,APPROVED
204,NY: NEW YORK CITY,09/04/2006 05:34:00,,175.00,52.00,74.00,63.00,127.00,800.00,7041.00,800.00,APPROVED
204,NY: NEW YORK CITY,09/04/2006 06:34:00,,174.00,55.00,76.00,66.00,127.00,813.00,7042.00,805.00,APPROVED
204,NY: NEW YORK CITY,09/04/2006 07:34:00,,177.00,56.00,76.00,66.00,133.00,820.00,7056.00,805.00,APPROVED
204,NY: NEW YORK CITY,09/04/2006 08:34:00,,176.00,56.00,74.00,65.00,130.00,813.00,7079.00,806.00,APPROVED
204,NY: NEW YORK CITY,09/04/2006 09:34:00,,179.00,57.00,76.00,67.00,130.00,827.00,7079.00,817.00,APPROVED
204,NY: NEW YORK CITY,09/04/2006 10:34:00,,177.00,56.00,78.00,69.00,130.00,825.00,7098.00,820.00,APPROVED
204,NY: NEW YORK CITY,09/04/2006 14:35:00,,171.00,56.00,76.00,69.00,129.00,806.00,6957.00,788.00,APPROVED
204,NY: NEW YORK CITY,09/04/2006 15:35:00,,171.00,56.00,75.00,70.00,127.00,804.00,6919.00,789.00,APPROVED
204,NY: NEW YORK CITY,09/04/2006 17:36:00,,164.00,53.00,73.00,66.00,128.00,779.00,6778.00,765.00,APPROVED
204,NY: NEW YORK CITY,09/04/2006 18:36:00,,162.00,52.00,74.00,66.00,124.00,772.00,6622.00,746.00,APPROVED
204,NY: NEW YORK CITY,09/04/2006 19:36:00,,157.00,51.00,72.00,65.00,123.00,766.00,6818.00,744.00,APPROVED
204,NY: NEW YORK CITY,09/04/2006 20:37:00,,155.00,52.00,73.00,64.00,124.00,762.00,7006.00,762.00,APPROVED
204,NY: NEW YORK CITY,09/04/2006 21:37:00,,161.00,51.00,73.00,63.00,122.00,765.00,6998.00,757.00,APPROVED
204,NY: NEW YORK CITY,09/04/2006 22:37:00,,154.00,50.00,73.00,63.00,122.00,756.00,6996.00,745.00,APPROVED
204,NY: NEW YORK CITY,09/04/2006 23:37:00,,156.00,50.00,72.00,61.00,122.00,754.00,6995.00,743.00,APPROVED
204,NY: NEW YORK CITY,09/05/2006 04:38:00,,157.00,52.00,72.00,62.00,125.00,761.00,6922.00,749.00,APPROVED
204,NY: NEW YORK CITY,09/05/2006 14:40:00,,159.00,53.00,73.00,65.00,122.00,763.00,6911.00,752.00,APPROVED
204,NY: NEW YORK CITY,09/05/2006 16:40:00,,162.00,54.00,74.00,66.00,125.00,778.00,6876.00,766.00,APPROVED
204,NY: NEW YORK CITY,09/05/2006 17:41:00,,168.00,55.00,76.00,67.00,126.00,795.00,6908.00,778.00,APPROVED
204,NY: NEW YORK CITY,09/05/2006 22:42:00,,186.00,59.00,78.00,70.00,135.00,856.00,7107.00,863.00,APPROVED
204,NY: NEW YORK CITY,09/06/2006 00:42:00,,184.00,59.00,78.00,70.00,132.00,838.00,7047.00,829.00,APPROVED
204,NY: NEW YORK CITY,09/06/2006 01:42:00,,170.00,56.00,75.00,67.00,130.00,806.00,7046.00,801.00,APPROVED
204,NY: NEW YORK CITY,09/06/2006 02:42:00,,175.00,59.00,75.00,68.00,125.00,813.00,7035.00,807.00,APPROVED
204,NY: NEW YORK CITY,09/07/2006 14:18:00,,149.00,55.00,67.00,62.00,119.00,747.00,6878.00,758.00,APPROVED
204,NY: NEW YORK CITY,09/07/2006 16:18:00,,159.00,53.00,70.00,66.00,120.00,756.00,6758.00,749.00,APPROVED
204,NY: NEW YORK CITY,09/07/2006 17:19:00,,160.00,54.00,72.00,67.00,124.00,771.00,6952.00,763.00,APPROVED
204,NY: NEW YORK CITY,09/07/2006 18:19:00,,160.00,53.00,72.00,66.00,121.00,767.00,6971.00,753.00,APPROVED
204,NY: NEW YORK CITY,09/07/2006 20:19:00,,159.00,51.00,73.00,67.00,121.00,763.00,6951.00,746.00,APPROVED
204,NY: NEW YORK CITY,09/07/2006 21:19:00,,157.00,51.00,73.00,66.00,120.00,757.00,6967.00,749.00,APPROVED
204,NY: NEW YORK CITY,09/08/2006 01:20:00,,156.00,51.00,72.00,63.00,121.00,758.00,7003.00,750.00,APPROVED
204,NY: NEW YORK CITY,09/08/2006 03:21:00,,158.00,52.00,72.00,63.00,121.00,761.00,6942.00,750.00,APPROVED
204,NY: NEW YORK CITY,09/08/2006 04:21:00,,161.00,52.00,75.00,66.00,123.00,767.00,6924.00,753.00,APPROVED
204,NY: NEW YORK CITY,09/08/2006 06:21:00,,162.00,52.00,71.00,64.00,125.00,777.00,6935.00,761.00,APPROVED
204,NY: NEW YORK CITY,09/08/2006 07:21:00,,165.00,53.00,75.00,66.00,126.00,780.00,6971.00,780.00,APPROVED
204,NY: NEW YORK CITY,09/08/2006 08:22:00,,167.00,53.00,76.00,68.00,124.00,793.00,6966.00,780.00,APPROVED
204,NY: NEW YORK CITY,09/08/2006 09:22:00,,165.00,54.00,75.00,68.00,125.00,788.00,6962.00,783.00,APPROVED
204,NY: NEW YORK CITY,09/08/2006 10:22:00,,169.00,55.00,76.00,67.00,125.00,796.00,6975.00,792.00,APPROVED
204,NY: NEW YORK CITY,09/08/2006 12:22:00,,174.00,56.00,76.00,69.00,131.00,814.00,6997.00,804.00,APPROVED
204,NY: NEW YORK CITY,09/08/2006 13:23:00,,177.00,57.00,78.00,72.00,127.00,819.00,6943.00,806.00,APPROVED
204,NY: NEW YORK CITY,09/08/2006 15:23:00,,179.00,57.00,77.00,72.00,127.00,823.00,7013.00,814.00,APPROVED
204,NY: NEW YORK CITY,09/08/2006 17:23:00,,173.00,58.00,75.00,70.00,129.00,811.00,6914.00,789.00,APPROVED
204,NY: NEW YORK CITY,09/08/2006 19:24:00,,170.00,55.00,77.00,71.00,128.00,803.00,6889.00,777.00,APPROVED
204,NY: NEW YORK CITY,09/08/2006 22:24:00,,168.00,54.00,76.00,66.00,126.00,791.00,7018.00,784.00,APPROVED
204,NY: NEW YORK CITY,09/09/2006 03:25:00,,165.00,53.00,72.00,66.00,126.00,789.00,7030.00,779.00,APPROVED
204,NY: NEW YORK CITY,09/09/2006 04:26:00,,167.00,57.00,73.00,67.00,124.00,790.00,7031.00,787.00,APPROVED
204,NY: NEW YORK CITY,09/09/2006 07:26:00,,174.00,57.00,77.00,71.00,129.00,809.00,7049.00,803.00,APPROVED
204,NY: NEW YORK CITY,09/09/2006 09:27:00,,175.00,58.00,76.00,71.00,129.00,813.00,6986.00,801.00,APPROVED
204,NY: NEW YORK CITY,09/09/2006 10:27:00,,178.00,55.00,77.00,71.00,131.00,823.00,6990.00,812.00,APPROVED
204,NY: NEW YORK CITY,09/09/2006 13:27:00,,181.00,59.00,80.00,74.00,133.00,844.00,6874.00,813.00,APPROVED
204,NY: NEW YORK CITY,09/09/2006 16:28:00,,191.00,60.00,78.00,74.00,133.00,859.00,7031.00,850.00,APPROVED
204,NY: NEW YORK CITY,09/09/2006 18:28:00,,194.00,60.00,78.00,71.00,134.00,866.00,6954.00,836.00,APPROVED
204,NY: NEW YORK CITY,09/09/2006 21:29:00,,185.00,58.00,78.00,70.00,132.00,840.00,6962.00,823.00,APPROVED
204,NY: NEW YORK CITY,09/09/2006 22:29:00,,186.00,57.00,79.00,71.00,131.00,842.00,7031.00,831.00,APPROVED
204,NY: NEW YORK CITY,09/09/2006 23:29:00,,188.00,60.00,77.00,69.00,136.00,855.00,7088.00,840.00,APPROVED
204,NY: NEW YORK CITY,09/10/2006 03:30:00,,184.00,57.00,76.00,66.00,131.00,835.00,7115.00,829.00,APPROVED
204,NY: NEW YORK CITY,09/10/2006 04:30:00,,185.00,58.00,79.00,68.00,133.00,845.00,7094.00,834.00,APPROVED
204,NY: NEW YORK CITY,09/10/2006 05:31:00,,188.00,58.00,76.00,66.00,132.00,849.00,7113.00,837.00,APPROVED
204,NY: NEW YORK CITY,09/10/2006 06:31:00,,194.00,59.00,77.00,70.00,134.00,869.00,7096.00,841.00,APPROVED
204,NY: NEW YORK CITY,09/10/2006 07:31:00,,190.00,58.00,78.00,69.00,136.00,859.00,7046.00,849.00,APPROVED
204,NY: NEW YORK CITY,09/10/2006 08:31:00,,195.00,58.00,80.00,70.00,136.00,867.00,7013.00,853.00,APPROVED
204,NY: NEW YORK CITY,09/10/2006 09:31:00,,192.00,59.00,78.00,69.00,135.00,864.00,7044.00,855.00,APPROVED
204,NY: NEW YORK CITY,09/10/2006 10:32:00,,191.00,59.00,80.00,69.00,135.00,858.00,7074.00,855.00,APPROVED
204,NY: NEW YORK CITY,09/10/2006 11:32:00,,185.00,59.00,78.00,68.00,136.00,854.00,7081.00,840.00,APPROVED
204,NY: NEW YORK CITY,09/10/2006 12:32:00,,190.00,57.00,79.00,69.00,133.00,853.00,7026.00,832.00,APPROVED
204,NY: NEW YORK CITY,09/10/2006 13:32:00,,180.00,58.00,77.00,67.00,131.00,832.00,6953.00,813.00,APPROVED
204,NY: NEW YORK CITY,09/10/2006 14:32:00,,176.00,56.00,78.00,68.00,130.00,827.00,6770.00,793.00,APPROVED
204,NY: NEW YORK CITY,09/10/2006 15:33:00,,173.00,56.00,76.00,67.00,130.00,816.00,6871.00,798.00,APPROVED
204,NY: NEW YORK CITY,09/10/2006 16:33:00,,175.00,56.00,77.00,68.00,128.00,815.00,7044.00,804.00,APPROVED
204,NY: NEW YORK CITY,09/10/2006 17:33:00,,175.00,55.00,77.00,69.00,131.00,816.00,7058.00,798.00,APPROVED
204,NY: NEW YORK CITY,09/10/2006 18:33:00,,167.00,55.00,76.00,66.00,129.00,795.00,7032.00,792.00,APPROVED
204,NY: NEW YORK CITY,09/10/2006 19:34:00,,167.00,53.00,74.00,64.00,126.00,788.00,7051.00,774.00,APPROVED
204,NY: NEW YORK CITY,09/10/2006 20:34:00,,162.00,51.00,73.00,64.00,122.00,772.00,7057.00,775.00,APPROVED
204,NY: NEW YORK CITY,09/10/2006 21:34:00,,163.00,53.00,72.00,61.00,125.00,776.00,7026.00,765.00,APPROVED
204,NY: NEW YORK CITY,09/10/2006 22:34:00,,163.00,53.00,73.00,63.00,127.00,783.00,7047.00,769.00,APPROVED
204,NY: NEW YORK CITY,09/10/2006 23:34:00,,164.00,51.00,74.00,65.00,125.00,779.00,7001.00,770.00,APPROVED
204,NY: NEW YORK CITY,09/11/2006 00:35:00,,158.00,51.00,71.00,61.00,126.00,771.00,6975.00,755.00,APPROVED
204,NY: NEW YORK CITY,09/11/2006 01:35:00,,158.00,53.00,73.00,62.00,123.00,765.00,6942.00,749.00,APPROVED
204,NY: NEW YORK CITY,09/11/2006 02:35:00,,155.00,51.00,72.00,62.00,124.00,761.00,6967.00,749.00,APPROVED
204,NY: NEW YORK CITY,09/11/2006 03:35:00,,156.00,51.00,74.00,61.00,121.00,763.00,6988.00,752.00,APPROVED
204,NY: NEW YORK CITY,09/11/2006 04:35:00,,156.00,50.00,71.00,58.00,126.00,762.00,6996.00,755.00,APPROVED
204,NY: NEW YORK CITY,09/11/2006 05:36:00,,152.00,47.00,74.00,60.00,121.00,753.00,6981.00,749.00,APPROVED
204,NY: NEW YORK CITY,09/11/2006 06:36:00,,153.00,49.00,70.00,58.00,121.00,749.00,6976.00,734.00,APPROVED
204,NY: NEW YORK CITY,09/11/2006 08:36:00,,152.00,49.00,74.00,61.00,120.00,753.00,6982.00,750.00,APPROVED
204,NY: NEW YORK CITY,09/11/2006 09:36:00,,157.00,50.00,74.00,60.00,122.00,768.00,7021.00,768.00,APPROVED
204,NY: NEW YORK CITY,09/11/2006 10:37:00,,160.00,50.00,76.00,61.00,122.00,776.00,7005.00,762.00,APPROVED
204,NY: NEW YORK CITY,09/11/2006 11:37:00,,155.00,50.00,71.00,58.00,123.00,760.00,6977.00,756.00,APPROVED
204,NY: NEW YORK CITY,09/11/2006 12:37:00,,155.00,50.00,72.00,57.00,122.00,755.00,6994.00,750.00,APPROVED
204,NY: NEW YORK CITY,09/11/2006 13:37:00,,156.00,49.00,72.00,56.00,121.00,758.00,6997.00,751.00,APPROVED
204,NY: NEW YORK CITY,09/11/2006 14:37:00,,157.00,50.00,72.00,58.00,123.00,766.00,6962.00,749.00,APPROVED
204,NY: NEW YORK CITY,09/11/2006 15:38:00,,144.00,47.00,70.00,54.00,118.00,729.00,6908.00,716.00,APPROVED
204,NY: NEW YORK CITY,09/11/2006 16:38:00,,146.00,47.00,71.00,54.00,116.00,730.00,6927.00,716.00,APPROVED
204,NY: NEW YORK CITY,09/11/2006 17:38:00,,149.00,48.00,70.00,52.00,118.00,734.00,6923.00,717.00,APPROVED
204,NY: NEW YORK CITY,09/11/2006 18:38:00,,146.00,46.00,69.00,49.00,119.00,728.00,6914.00,716.00,APPROVED
204,NY: NEW YORK CITY,09/11/2006 19:38:00,,146.00,46.00,71.00,53.00,120.00,734.00,6896.00,718.00,APPROVED
204,NY: NEW YORK CITY,09/11/2006 20:39:00,,149.00,48.00,72.00,54.00,117.00,740.00,6892.00,724.00,APPROVED
204,NY: NEW YORK CITY,09/11/2006 21:39:00,,148.00,47.00,71.00,51.00,120.00,742.00,6933.00,719.00,APPROVED
204,NY: NEW YORK CITY,09/11/2006 23:39:00,,147.00,46.00,70.00,50.00,119.00,737.00,6970.00,724.00,APPROVED
204,NY: NEW YORK CITY,09/12/2006 01:40:00,,144.00,46.00,70.00,49.00,119.00,727.00,6983.00,718.00,APPROVED
204,NY: NEW YORK CITY,09/12/2006 03:40:00,,146.00,48.00,67.00,47.00,121.00,726.00,6994.00,717.00,APPROVED
204,NY: NEW YORK CITY,09/12/2006 13:42:00,,153.00,48.00,71.00,51.00,119.00,744.00,6990.00,729.00,APPROVED
204,NY: NEW YORK CITY,09/12/2006 15:42:00,,144.00,48.00,70.00,48.00,118.00,728.00,6943.00,715.00,APPROVED
204,NY: NEW YORK CITY,09/12/2006 17:43:00,,144.00,48.00,71.00,49.00,118.00,730.00,6887.00,714.00,APPROVED
204,NY: NEW YORK CITY,09/12/2006 18:43:00,,145.00,47.00,69.00,51.00,117.00,728.00,6822.00,711.00,APPROVED
204,NY: NEW YORK CITY,09/12/2006 19:43:00,,143.00,46.00,71.00,54.00,119.00,730.00,6778.00,709.00,APPROVED
204,NY: NEW YORK CITY,09/12/2006 20:43:00,,144.00,48.00,71.00,57.00,117.00,734.00,6758.00,704.00,APPROVED
204,NY: NEW YORK CITY,09/12/2006 21:44:00,,146.00,48.00,69.00,54.00,120.00,730.00,6854.00,715.00,APPROVED
204,NY: NEW YORK CITY,09/12/2006 22:44:00,,146.00,48.00,71.00,52.00,120.00,735.00,6916.00,720.00,APPROVED
204,NY: NEW YORK CITY,09/12/2006 23:44:00,,144.00,46.00,70.00,50.00,120.00,731.00,6945.00,717.00,APPROVED
204,NY: NEW YORK CITY,09/13/2006 00:44:00,,145.00,45.00,69.00,45.00,118.00,725.00,6976.00,721.00,APPROVED
204,NY: NEW YORK CITY,09/13/2006 01:44:00,,144.00,47.00,69.00,44.00,118.00,728.00,6978.00,715.00,APPROVED
204,NY: NEW YORK CITY,09/13/2006 02:45:00,,143.00,47.00,68.00,42.00,119.00,728.00,6967.00,714.00,APPROVED
204,NY: NEW YORK CITY,09/13/2006 03:45:00,,140.00,46.00,68.00,44.00,121.00,726.00,6970.00,712.00,APPROVED
204,NY: NEW YORK CITY,09/13/2006 04:45:00,,143.00,47.00,71.00,44.00,122.00,730.00,7000.00,717.00,APPROVED
204,NY: NEW YORK CITY,09/13/2006 05:45:00,,142.00,45.00,70.00,46.00,119.00,728.00,6983.00,725.00,APPROVED
204,NY: NEW YORK CITY,09/13/2006 06:45:00,,149.00,48.00,70.00,48.00,121.00,739.00,6998.00,733.00,APPROVED
204,NY: NEW YORK CITY,09/13/2006 07:46:00,,150.00,47.00,72.00,50.00,120.00,744.00,7001.00,730.00,APPROVED
204,NY: NEW YORK CITY,09/13/2006 08:46:00,,150.00,48.00,71.00,50.00,121.00,741.00,7002.00,723.00,APPROVED
204,NY: NEW YORK CITY,09/13/2006 09:46:00,,149.00,47.00,72.00,53.00,120.00,742.00,6990.00,727.00,APPROVED
204,NY: NEW YORK CITY,09/13/2006 10:46:00,,149.00,48.00,71.00,54.00,121.00,740.00,7003.00,739.00,APPROVED
204,NY: NEW YORK CITY,09/13/2006 11:46:00,,149.00,50.00,72.00,56.00,119.00,747.00,6980.00,733.00,APPROVED
204,NY: NEW YORK CITY,09/13/2006 12:47:00,,150.00,49.00,72.00,57.00,120.00,747.00,6974.00,738.00,APPROVED
204,NY: NEW YORK CITY,09/13/2006 13:47:00,,152.00,50.00,70.00,59.00,121.00,745.00,6967.00,742.00,APPROVED
204,NY: NEW YORK CITY,09/13/2006 14:47:00,,149.00,48.00,72.00,61.00,120.00,742.00,6958.00,721.00,APPROVED
204,NY: NEW YORK CITY,09/13/2006 15:47:00,,148.00,48.00,71.00,61.00,120.00,738.00,6935.00,723.00,APPROVED
204,NY: NEW YORK CITY,09/13/2006 16:47:00,,148.00,49.00,70.00,61.00,118.00,733.00,6919.00,728.00,APPROVED
204,NY: NEW YORK CITY,09/13/2006 17:48:00,,147.00,50.00,70.00,61.00,122.00,740.00,6911.00,720.00,APPROVED
204,NY: NEW YORK CITY,09/13/2006 18:48:00,,150.00,49.00,72.00,62.00,116.00,736.00,6881.00,724.00,APPROVED
204,NY: NEW YORK CITY,09/13/2006 19:48:00,,150.00,48.00,72.00,62.00,117.00,733.00,6859.00,721.00,APPROVED
204,NY: NEW YORK CITY,09/13/2006 20:48:00,,146.00,49.00,71.00,62.00,116.00,729.00,6853.00,721.00,APPROVED
204,NY: NEW YORK CITY,09/13/2006 21:48:00,,147.00,49.00,71.00,62.00,119.00,737.00,6886.00,717.00,APPROVED
204,NY: NEW YORK CITY,09/13/2006 22:49:00,,144.00,49.00,70.00,61.00,117.00,729.00,6936.00,716.00,APPROVED
204,NY: NEW YORK CITY,09/13/2006 23:49:00,,145.00,48.00,72.00,62.00,116.00,733.00,6941.00,723.00,APPROVED
204,NY: NEW YORK CITY,09/14/2006 00:49:00,,148.00,47.00,72.00,61.00,118.00,733.00,6938.00,715.00,APPROVED
204,NY: NEW YORK CITY,09/14/2006 01:49:00,,147.00,50.00,72.00,62.00,117.00,732.00,6942.00,721.00,APPROVED
204,NY: NEW YORK CITY,09/14/2006 02:49:00,,147.00,48.00,71.00,64.00,117.00,732.00,6938.00,723.00,APPROVED
204,NY: NEW YORK CITY,09/14/2006 03:50:00,,150.00,50.00,71.00,64.00,118.00,735.00,6923.00,726.00,APPROVED
204,NY: NEW YORK CITY,09/14/2006 04:50:00,,149.00,49.00,70.00,62.00,120.00,733.00,6947.00,731.00,APPROVED
204,NY: NEW YORK CITY,09/14/2006 05:50:00,,150.00,50.00,71.00,64.00,119.00,742.00,6948.00,731.00,APPROVED
204,NY: NEW YORK CITY,09/14/2006 06:50:00,,152.00,51.00,74.00,66.00,120.00,744.00,6947.00,735.00,APPROVED
204,NY: NEW YORK CITY,09/14/2006 07:50:00,,152.00,50.00,72.00,65.00,121.00,749.00,6952.00,744.00,APPROVED
204,NY: NEW YORK CITY,09/14/2006 08:51:00,,171.00,55.00,76.00,70.00,129.00,803.00,7054.00,799.00,APPROVED
204,NY: NEW YORK CITY,09/14/2006 09:51:00,,183.00,59.00,77.00,69.00,134.00,832.00,7082.00,825.00,APPROVED
204,NY: NEW YORK CITY,09/14/2006 10:51:00,,176.00,56.00,76.00,69.00,130.00,818.00,7027.00,809.00,APPROVED
204,NY: NEW YORK CITY,09/14/2006 11:51:00,,180.00,57.00,74.00,69.00,129.00,823.00,7075.00,825.00,APPROVED
204,NY: NEW YORK CITY,09/14/2006 12:51:00,,185.00,57.00,77.00,70.00,134.00,838.00,7071.00,833.00,APPROVED
204,NY: NEW YORK CITY,09/14/2006 13:52:00,,184.00,59.00,77.00,70.00,133.00,835.00,7071.00,835.00,APPROVED
204,NY: NEW YORK CITY,09/14/2006 14:52:00,,181.00,56.00,75.00,69.00,130.00,831.00,7094.00,829.00,APPROVED
204,NY: NEW YORK CITY,09/14/2006 15:52:00,,180.00,57.00,77.00,70.00,132.00,826.00,7035.00,820.00,APPROVED
204,NY: NEW YORK CITY,09/14/2006 17:52:00,,174.00,59.00,73.00,68.00,128.00,812.00,7037.00,797.00,APPROVED
204,NY: NEW YORK CITY,09/14/2006 19:53:00,,157.00,54.00,73.00,70.00,120.00,768.00,6957.00,757.00,APPROVED
204,NY: NEW YORK CITY,09/14/2006 20:53:00,,152.00,52.00,71.00,68.00,118.00,749.00,6910.00,744.00,APPROVED
204,NY: NEW YORK CITY,09/14/2006 21:53:00,,153.00,52.00,71.00,67.00,118.00,745.00,6915.00,732.00,APPROVED
204,NY: NEW YORK CITY,09/14/2006 22:54:00,,147.00,52.00,72.00,67.00,118.00,736.00,6903.00,735.00,APPROVED
204,NY: NEW YORK CITY,09/14/2006 23:54:00,,152.00,52.00,71.00,67.00,118.00,748.00,6905.00,734.00,APPROVED
204,NY: NEW YORK CITY,09/15/2006 00:54:00,,150.00,50.00,69.00,66.00,119.00,739.00,6933.00,736.00,APPROVED
204,NY: NEW YORK CITY,09/15/2006 02:54:00,,151.00,52.00,71.00,67.00,117.00,739.00,6927.00,729.00,APPROVED
204,NY: NEW YORK CITY,09/15/2006 03:55:00,,155.00,52.00,71.00,68.00,119.00,747.00,6944.00,741.00,APPROVED
204,NY: NEW YORK CITY,09/15/2006 04:55:00,,156.00,52.00,72.00,68.00,120.00,747.00,6940.00,747.00,APPROVED
204,NY: NEW YORK CITY,09/15/2006 05:55:00,,154.00,53.00,70.00,66.00,118.00,741.00,6935.00,747.00,APPROVED
204,NY: NEW YORK CITY,09/15/2006 06:55:00,,161.00,52.00,71.00,68.00,121.00,765.00,6966.00,752.00,APPROVED
204,NY: NEW YORK CITY,09/15/2006 07:55:00,,158.00,53.00,70.00,68.00,122.00,766.00,6964.00,763.00,APPROVED
204,NY: NEW YORK CITY,09/15/2006 08:56:00,,155.00,52.00,70.00,67.00,121.00,750.00,6941.00,745.00,APPROVED
204,NY: NEW YORK CITY,09/15/2006 09:56:00,,155.00,53.00,68.00,66.00,118.00,749.00,6960.00,750.00,APPROVED
204,NY: NEW YORK CITY,09/15/2006 14:57:00,,172.00,58.00,73.00,70.00,126.00,804.00,7043.00,809.00,APPROVED
204,NY: NEW YORK CITY,09/15/2006 16:57:00,,178.00,57.00,76.00,72.00,131.00,818.00,7035.00,813.00,APPROVED
204,NY: NEW YORK CITY,09/15/2006 18:58:00,,182.00,58.00,75.00,71.00,131.00,835.00,7033.00,834.00,APPROVED
204,NY: NEW YORK CITY,09/15/2006 19:58:00,,208.00,66.00,83.00,76.00,144.00,912.00,7143.00,916.00,APPROVED
204,NY: NEW YORK CITY,09/15/2006 20:58:00,,209.00,65.00,80.00,73.00,141.00,907.00,7169.00,926.00,APPROVED
204,NY: NEW YORK CITY,09/15/2006 21:58:00,,208.00,65.00,80.00,75.00,142.00,912.00,7159.00,920.00,APPROVED
204,NY: NEW YORK CITY,09/15/2006 22:58:00,,198.00,62.00,81.00,75.00,141.00,888.00,7120.00,887.00,APPROVED
204,NY: NEW YORK CITY,09/18/2006 16:03:00,,150.00,52.00,72.00,68.00,118.00,744.00,6436.00,723.00,APPROVED
204,NY: NEW YORK CITY,09/18/2006 17:03:00,,151.00,51.00,72.00,67.00,119.00,742.00,5934.00,707.00,APPROVED
204,NY: NEW YORK CITY,09/18/2006 18:03:00,,147.00,53.00,70.00,65.00,118.00,738.00,5553.00,694.00,APPROVED
204,NY: NEW YORK CITY,09/18/2006 19:04:00,,148.00,50.00,71.00,65.00,119.00,732.00,5018.00,679.00,APPROVED
204,NY: NEW YORK CITY,09/18/2006 20:04:00,,149.00,51.00,72.00,66.00,117.00,737.00,5713.00,697.00,APPROVED
204,NY: NEW YORK CITY,09/18/2006 21:04:00,,153.00,52.00,69.00,65.00,120.00,743.00,6766.00,723.00,APPROVED
204,NY: NEW YORK CITY,09/18/2006 22:04:00,,151.00,50.00,72.00,67.00,118.00,744.00,6922.00,734.00,APPROVED
204,NY: NEW YORK CITY,09/18/2006 23:04:00,,151.00,51.00,71.00,64.00,120.00,740.00,6970.00,735.00,APPROVED
204,NY: NEW YORK CITY,09/19/2006 00:05:00,,149.00,50.00,71.00,64.00,119.00,739.00,6932.00,730.00,APPROVED
204,NY: NEW YORK CITY,09/19/2006 01:05:00,,149.00,52.00,73.00,66.00,118.00,740.00,6948.00,740.00,APPROVED
204,NY: NEW YORK CITY,09/19/2006 02:05:00,,146.00,50.00,71.00,66.00,119.00,735.00,6955.00,736.00,APPROVED
204,NY: NEW YORK CITY,09/19/2006 03:05:00,,149.00,52.00,71.00,64.00,118.00,737.00,6948.00,740.00,APPROVED
204,NY: NEW YORK CITY,09/19/2006 04:05:00,,152.00,51.00,71.00,65.00,120.00,738.00,6961.00,738.00,APPROVED
204,NY: NEW YORK CITY,09/19/2006 05:06:00,,150.00,49.00,72.00,66.00,117.00,738.00,6967.00,735.00,APPROVED
204,NY: NEW YORK CITY,09/19/2006 06:06:00,,150.00,52.00,69.00,63.00,120.00,742.00,6980.00,742.00,APPROVED
204,NY: NEW YORK CITY,09/19/2006 07:06:00,,149.00,51.00,71.00,66.00,117.00,736.00,6973.00,737.00,APPROVED
204,NY: NEW YORK CITY,09/19/2006 08:06:00,,148.00,49.00,71.00,67.00,118.00,737.00,7017.00,742.00,APPROVED
204,NY: NEW YORK CITY,09/19/2006 09:06:00,,150.00,50.00,72.00,67.00,116.00,740.00,7001.00,740.00,APPROVED
204,NY: NEW YORK CITY,09/19/2006 12:07:00,,154.00,53.00,71.00,65.00,120.00,745.00,6986.00,748.00,APPROVED
204,NY: NEW YORK CITY,09/19/2006 13:07:00,,152.00,51.00,70.00,67.00,119.00,743.00,6953.00,746.00,APPROVED
204,NY: NEW YORK CITY,09/19/2006 15:08:00,,152.00,52.00,71.00,69.00,120.00,746.00,6690.00,734.00,APPROVED
204,NY: NEW YORK CITY,09/19/2006 16:08:00,,152.00,53.00,70.00,68.00,117.00,738.00,6291.00,713.00,APPROVED
204,NY: NEW YORK CITY,09/19/2006 17:08:00,,149.00,55.00,71.00,67.00,121.00,749.00,6071.00,711.00,APPROVED
204,NY: NEW YORK CITY,09/19/2006 18:08:00,,150.00,51.00,70.00,67.00,117.00,737.00,6424.00,707.00,APPROVED
204,NY: NEW YORK CITY,09/19/2006 19:08:00,,153.00,52.00,72.00,68.00,119.00,749.00,6682.00,725.00,APPROVED
204,NY: NEW YORK CITY,09/19/2006 20:09:00,,153.00,50.00,72.00,68.00,121.00,753.00,6833.00,746.00,APPROVED
204,NY: NEW YORK CITY,09/19/2006 21:09:00,,155.00,54.00,72.00,67.00,119.00,755.00,6909.00,754.00,APPROVED
204,NY: NEW YORK CITY,09/19/2006 22:09:00,,157.00,53.00,72.00,67.00,123.00,762.00,6990.00,771.00,APPROVED
204,NY: NEW YORK CITY,09/19/2006 23:09:00,,160.00,54.00,72.00,69.00,122.00,770.00,7024.00,771.00,APPROVED
204,NY: NEW YORK CITY,09/20/2006 00:09:00,,161.00,55.00,70.00,67.00,121.00,769.00,7048.00,782.00,APPROVED
204,NY: NEW YORK CITY,09/20/2006 01:10:00,,155.00,53.00,74.00,69.00,120.00,763.00,7047.00,767.00,APPROVED
204,NY: NEW YORK CITY,09/20/2006 02:10:00,,156.00,51.00,74.00,69.00,124.00,756.00,7040.00,765.00,APPROVED
204,NY: NEW YORK CITY,09/20/2006 03:10:00,,156.00,53.00,74.00,70.00,120.00,756.00,7016.00,756.00,APPROVED
204,NY: NEW YORK CITY,09/20/2006 04:10:00,,153.00,51.00,74.00,67.00,122.00,756.00,7019.00,766.00,APPROVED
204,NY: NEW YORK CITY,09/20/2006 05:10:00,,153.00,53.00,72.00,66.00,120.00,755.00,7025.00,759.00,APPROVED
204,NY: NEW YORK CITY,09/20/2006 06:11:00,,151.00,51.00,73.00,67.00,121.00,752.00,7038.00,757.00,APPROVED
204,NY: NEW YORK CITY,09/20/2006 07:11:00,,153.00,53.00,72.00,64.00,121.00,755.00,7032.00,759.00,APPROVED
204,NY: NEW YORK CITY,09/20/2006 08:11:00,,150.00,50.00,74.00,66.00,122.00,754.00,7056.00,757.00,APPROVED
204,NY: NEW YORK CITY,09/20/2006 09:11:00,,156.00,50.00,72.00,63.00,123.00,755.00,7062.00,752.00,APPROVED
204,NY: NEW YORK CITY,09/20/2006 12:12:00,,153.00,51.00,70.00,62.00,123.00,749.00,7040.00,753.00,APPROVED
204,NY: NEW YORK CITY,09/20/2006 13:12:00,,149.00,50.00,72.00,63.00,120.00,745.00,7042.00,753.00,APPROVED
204,NY: NEW YORK CITY,09/20/2006 17:13:00,,151.00,51.00,73.00,63.00,120.00,749.00,6990.00,744.00,APPROVED
204,NY: NEW YORK CITY,09/20/2006 19:13:00,,149.00,49.00,70.00,59.00,121.00,743.00,6990.00,745.00,APPROVED
204,NY: NEW YORK CITY,09/20/2006 21:14:00,,145.00,48.00,72.00,58.00,120.00,740.00,7040.00,749.00,APPROVED
204,NY: NEW YORK CITY,09/20/2006 22:14:00,,148.00,47.00,70.00,56.00,118.00,738.00,7035.00,751.00,APPROVED
204,NY: NEW YORK CITY,09/21/2006 00:14:00,,147.00,47.00,71.00,55.00,120.00,740.00,7021.00,737.00,APPROVED
204,NY: NEW YORK CITY,09/21/2006 01:14:00,,145.00,47.00,68.00,53.00,121.00,733.00,7013.00,730.00,APPROVED
204,NY: NEW YORK CITY,09/21/2006 02:15:00,,148.00,48.00,69.00,53.00,119.00,734.00,7004.00,727.00,APPROVED
204,NY: NEW YORK CITY,09/21/2006 03:15:00,,147.00,48.00,68.00,52.00,117.00,727.00,6973.00,724.00,APPROVED
204,NY: NEW YORK CITY,09/21/2006 04:15:00,,145.00,49.00,69.00,52.00,119.00,729.00,6977.00,718.00,APPROVED
204,NY: NEW YORK CITY,09/21/2006 05:15:00,,144.00,46.00,69.00,51.00,119.00,725.00,6943.00,714.00,APPROVED
204,NY: NEW YORK CITY,09/21/2006 06:15:00,,146.00,47.00,70.00,53.00,116.00,726.00,6922.00,714.00,APPROVED
204,NY: NEW YORK CITY,09/21/2006 07:16:00,,141.00,47.00,71.00,51.00,116.00,719.00,6928.00,707.00,APPROVED
204,NY: NEW YORK CITY,09/21/2006 08:16:00,,142.00,46.00,70.00,52.00,119.00,725.00,6917.00,704.00,APPROVED
204,NY: NEW YORK CITY,09/21/2006 09:16:00,,142.00,46.00,69.00,49.00,120.00,721.00,6910.00,711.00,APPROVED
204,NY: NEW YORK CITY,09/21/2006 13:17:00,,141.00,45.00,69.00,52.00,117.00,716.00,6938.00,714.00,APPROVED
204,NY: NEW YORK CITY,09/21/2006 18:18:00,,141.00,47.00,69.00,51.00,115.00,712.00,6933.00,701.00,APPROVED
204,NY: NEW YORK CITY,09/21/2006 19:18:00,,143.00,46.00,70.00,52.00,118.00,720.00,6926.00,705.00,APPROVED
204,NY: NEW YORK CITY,09/21/2006 20:18:00,,144.00,46.00,69.00,52.00,114.00,720.00,6947.00,708.00,APPROVED
204,NY: NEW YORK CITY,09/21/2006 21:18:00,,143.00,45.00,69.00,52.00,115.00,717.00,6938.00,707.00,APPROVED
204,NY: NEW YORK CITY,09/21/2006 22:19:00,,142.00,45.00,67.00,50.00,118.00,714.00,6959.00,709.00,APPROVED
204,NY: NEW YORK CITY,09/21/2006 23:19:00,,140.00,45.00,69.00,51.00,118.00,718.00,6955.00,710.00,APPROVED
204,NY: NEW YORK CITY,09/22/2006 00:19:00,,143.00,47.00,67.00,46.00,119.00,719.00,6971.00,710.00,APPROVED
204,NY: NEW YORK CITY,09/22/2006 01:19:00,,140.00,45.00,67.00,43.00,119.00,718.00,6971.00,704.00,APPROVED
204,NY: NEW YORK CITY,09/22/2006 03:20:00,,140.00,44.00,71.00,45.00,118.00,718.00,6973.00,710.00,APPROVED
204,NY: NEW YORK CITY,09/22/2006 04:20:00,,140.00,45.00,70.00,43.00,117.00,717.00,7003.00,708.00,APPROVED
204,NY: NEW YORK CITY,09/22/2006 05:20:00,,140.00,47.00,70.00,47.00,121.00,725.00,6992.00,713.00,APPROVED
204,NY: NEW YORK CITY,09/22/2006 06:20:00,,142.00,45.00,69.00,46.00,120.00,726.00,6974.00,716.00,APPROVED
204,NY: NEW YORK CITY,09/22/2006 07:20:00,,143.00,46.00,69.00,49.00,115.00,724.00,6971.00,714.00,APPROVED
204,NY: NEW YORK CITY,09/22/2006 08:21:00,,143.00,46.00,68.00,48.00,117.00,718.00,6978.00,722.00,APPROVED
204,NY: NEW YORK CITY,09/22/2006 09:21:00,,144.00,48.00,69.00,49.00,117.00,727.00,6966.00,725.00,APPROVED
204,NY: NEW YORK CITY,09/22/2006 11:21:00,,143.00,47.00,70.00,52.00,117.00,723.00,6979.00,721.00,APPROVED
204,NY: NEW YORK CITY,09/22/2006 12:21:00,,145.00,47.00,70.00,53.00,118.00,727.00,6968.00,720.00,APPROVED
204,NY: NEW YORK CITY,09/22/2006 13:22:00,,145.00,48.00,70.00,55.00,119.00,731.00,6984.00,722.00,APPROVED
204,NY: NEW YORK CITY,09/22/2006 14:22:00,,146.00,48.00,71.00,59.00,117.00,733.00,6981.00,727.00,APPROVED
204,NY: NEW YORK CITY,09/22/2006 15:22:00,,150.00,50.00,71.00,59.00,121.00,744.00,6908.00,737.00,APPROVED
204,NY: NEW YORK CITY,09/22/2006 16:22:00,,149.00,49.00,69.00,57.00,121.00,742.00,6759.00,721.00,APPROVED
204,NY: NEW YORK CITY,09/22/2006 17:22:00,,149.00,49.00,69.00,56.00,122.00,742.00,6682.00,718.00,APPROVED
204,NY: NEW YORK CITY,09/22/2006 18:23:00,,150.00,49.00,71.00,56.00,119.00,740.00,6706.00,725.00,APPROVED
204,NY: NEW YORK CITY,09/22/2006 19:23:00,,148.00,49.00,71.00,57.00,122.00,745.00,6731.00,716.00,APPROVED
204,NY: NEW YORK CITY,09/22/2006 20:23:00,,147.00,48.00,71.00,55.00,120.00,740.00,6809.00,714.00,APPROVED
204,NY: NEW YORK CITY,09/22/2006 21:23:00,,150.00,47.00,69.00,53.00,120.00,738.00,6859.00,717.00,APPROVED
204,NY: NEW YORK CITY,09/22/2006 22:24:00,,144.00,48.00,71.00,53.00,119.00,736.00,6936.00,717.00,APPROVED
204,NY: NEW YORK CITY,09/22/2006 23:24:00,,143.00,48.00,70.00,51.00,118.00,728.00,6931.00,720.00,APPROVED
204,NY: NEW YORK CITY,09/23/2006 00:24:00,,146.00,48.00,72.00,56.00,116.00,731.00,6936.00,717.00,APPROVED
204,NY: NEW YORK CITY,09/23/2006 01:24:00,,144.00,47.00,70.00,55.00,118.00,731.00,6965.00,726.00,APPROVED
204,NY: NEW YORK CITY,09/23/2006 02:24:00,,149.00,46.00,69.00,56.00,118.00,729.00,6958.00,726.00,APPROVED
204,NY: NEW YORK CITY,09/23/2006 03:25:00,,144.00,49.00,70.00,56.00,117.00,730.00,6954.00,725.00,APPROVED
204,NY: NEW YORK CITY,09/23/2006 04:25:00,,147.00,49.00,72.00,60.00,118.00,736.00,6949.00,723.00,APPROVED
204,NY: NEW YORK CITY,09/23/2006 05:25:00,,146.00,48.00,71.00,59.00,118.00,739.00,6958.00,724.00,APPROVED
204,NY: NEW YORK CITY,09/23/2006 06:25:00,,149.00,50.00,70.00,60.00,121.00,737.00,6953.00,729.00,APPROVED
204,NY: NEW YORK CITY,09/23/2006 07:25:00,,151.00,48.00,70.00,61.00,119.00,743.00,6957.00,731.00,APPROVED
204,NY: NEW YORK CITY,09/23/2006 08:26:00,,149.00,51.00,71.00,63.00,121.00,745.00,6938.00,737.00,APPROVED
204,NY: NEW YORK CITY,09/23/2006 09:26:00,,153.00,51.00,72.00,63.00,122.00,756.00,6984.00,750.00,APPROVED
204,NY: NEW YORK CITY,09/23/2006 17:27:00,,168.00,54.00,75.00,69.00,127.00,793.00,6991.00,779.00,APPROVED
204,NY: NEW YORK CITY,09/23/2006 18:28:00,,171.00,58.00,73.00,69.00,127.00,793.00,6997.00,796.00,APPROVED
204,NY: NEW YORK CITY,09/23/2006 19:28:00,,175.00,57.00,75.00,69.00,129.00,806.00,6989.00,794.00,APPROVED
204,NY: NEW YORK CITY,09/23/2006 20:28:00,,174.00,58.00,77.00,73.00,128.00,813.00,6989.00,800.00,APPROVED
204,NY: NEW YORK CITY,09/23/2006 21:28:00,,179.00,58.00,75.00,71.00,131.00,819.00,6926.00,808.00,APPROVED
204,NY: NEW YORK CITY,09/23/2006 22:28:00,,181.00,59.00,79.00,74.00,133.00,838.00,6894.00,808.00,APPROVED
204,NY: NEW YORK CITY,09/23/2006 23:29:00,,182.00,60.00,76.00,72.00,132.00,825.00,6959.00,818.00,APPROVED
204,NY: NEW YORK CITY,09/24/2006 00:29:00,,180.00,58.00,76.00,72.00,131.00,830.00,6963.00,818.00,APPROVED
204,NY: NEW YORK CITY,09/24/2006 01:29:00,,182.00,58.00,77.00,72.00,131.00,839.00,6969.00,818.00,APPROVED
204,NY: NEW YORK CITY,09/24/2006 02:29:00,,180.00,59.00,77.00,73.00,131.00,830.00,6952.00,818.00,APPROVED
204,NY: NEW YORK CITY,09/24/2006 03:29:00,,183.00,60.00,77.00,73.00,132.00,836.00,6965.00,817.00,APPROVED
204,NY: NEW YORK CITY,09/24/2006 04:30:00,,185.00,60.00,78.00,72.00,131.00,839.00,6996.00,825.00,APPROVED
204,NY: NEW YORK CITY,09/24/2006 05:30:00,,187.00,60.00,80.00,74.00,131.00,852.00,7045.00,831.00,APPROVED
204,NY: NEW YORK CITY,09/24/2006 06:30:00,,192.00,61.00,79.00,74.00,134.00,859.00,7037.00,850.00,APPROVED
204,NY: NEW YORK CITY,09/24/2006 07:30:00,,195.00,63.00,79.00,74.00,138.00,869.00,7036.00,853.00,APPROVED
204,NY: NEW YORK CITY,09/24/2006 08:30:00,,193.00,63.00,80.00,76.00,136.00,869.00,7048.00,852.00,APPROVED
204,NY: NEW YORK CITY,09/24/2006 09:31:00,,195.00,63.00,79.00,74.00,138.00,869.00,7024.00,852.00,APPROVED
204,NY: NEW YORK CITY,09/24/2006 11:31:00,,195.00,64.00,77.00,74.00,133.00,862.00,7054.00,851.00,APPROVED
204,NY: NEW YORK CITY,09/24/2006 15:32:00,,187.00,62.00,79.00,77.00,133.00,850.00,6921.00,827.00,APPROVED
204,NY: NEW YORK CITY,09/24/2006 16:32:00,,182.00,58.00,77.00,74.00,133.00,835.00,6793.00,807.00,APPROVED
204,NY: NEW YORK CITY,09/24/2006 17:32:00,,179.00,59.00,77.00,74.00,129.00,825.00,6913.00,812.00,APPROVED
204,NY: NEW YORK CITY,09/24/2006 18:32:00,,182.00,59.00,76.00,71.00,130.00,835.00,7014.00,825.00,APPROVED
204,NY: NEW YORK CITY,09/24/2006 19:33:00,,176.00,58.00,76.00,72.00,130.00,822.00,7013.00,803.00,APPROVED
204,NY: NEW YORK CITY,09/24/2006 20:33:00,,177.00,56.00,76.00,72.00,129.00,811.00,6938.00,802.00,APPROVED
204,NY: NEW YORK CITY,09/24/2006 21:33:00,,178.00,60.00,75.00,70.00,130.00,825.00,6982.00,813.00,APPROVED
204,NY: NEW YORK CITY,09/24/2006 22:33:00,,176.00,57.00,77.00,72.00,129.00,822.00,6964.00,809.00,APPROVED
204,NY: NEW YORK CITY,09/24/2006 23:33:00,,173.00,58.00,76.00,71.00,128.00,815.00,6988.00,806.00,APPROVED
204,NY: NEW YORK CITY,09/25/2006 00:34:00,,175.00,55.00,74.00,71.00,130.00,814.00,7043.00,809.00,APPROVED
204,NY: NEW YORK CITY,09/25/2006 01:34:00,,177.00,57.00,76.00,70.00,131.00,823.00,7038.00,828.00,APPROVED
204,NY: NEW YORK CITY,09/25/2006 02:34:00,,178.00,57.00,78.00,71.00,131.00,831.00,7085.00,827.00,APPROVED
204,NY: NEW YORK CITY,09/25/2006 03:34:00,,184.00,58.00,76.00,68.00,133.00,837.00,7120.00,834.00,APPROVED
204,NY: NEW YORK CITY,09/25/2006 04:34:00,,184.00,56.00,76.00,68.00,132.00,836.00,7138.00,840.00,APPROVED
204,NY: NEW YORK CITY,09/25/2006 05:35:00,,181.00,57.00,77.00,67.00,132.00,834.00,7133.00,840.00,APPROVED
204,NY: NEW YORK CITY,09/25/2006 06:35:00,,181.00,55.00,78.00,67.00,132.00,835.00,7109.00,842.00,APPROVED
204,NY: NEW YORK CITY,09/25/2006 07:35:00,,181.00,58.00,79.00,68.00,132.00,836.00,7123.00,835.00,APPROVED
204,NY: NEW YORK CITY,09/25/2006 08:35:00,,175.00,56.00,77.00,66.00,128.00,822.00,7126.00,822.00,APPROVED
204,NY: NEW YORK CITY,09/25/2006 09:35:00,,177.00,57.00,77.00,64.00,133.00,829.00,7118.00,827.00,APPROVED
204,NY: NEW YORK CITY,09/25/2006 11:36:00,,172.00,54.00,78.00,64.00,132.00,824.00,7110.00,821.00,APPROVED
204,NY: NEW YORK CITY,09/25/2006 20:38:00,,153.00,49.00,73.00,58.00,121.00,761.00,6828.00,739.00,APPROVED
204,NY: NEW YORK CITY,09/25/2006 23:38:00,,156.00,50.00,70.00,54.00,125.00,768.00,7013.00,758.00,APPROVED
204,NY: NEW YORK CITY,09/26/2006 00:38:00,,154.00,51.00,72.00,53.00,126.00,769.00,7019.00,763.00,APPROVED
204,NY: NEW YORK CITY,09/26/2006 01:39:00,,161.00,51.00,72.00,54.00,126.00,774.00,7008.00,759.00,APPROVED
204,NY: NEW YORK CITY,09/26/2006 03:39:00,,158.00,49.00,73.00,56.00,123.00,764.00,7034.00,756.00,APPROVED
204,NY: NEW YORK CITY,09/26/2006 05:39:00,,157.00,49.00,73.00,55.00,123.00,761.00,7019.00,753.00,APPROVED
204,NY: NEW YORK CITY,09/26/2006 06:40:00,,155.00,50.00,70.00,54.00,123.00,757.00,7017.00,757.00,APPROVED
204,NY: NEW YORK CITY,09/26/2006 07:40:00,,156.00,49.00,73.00,54.00,123.00,763.00,7026.00,757.00,APPROVED
204,NY: NEW YORK CITY,09/26/2006 08:40:00,,158.00,50.00,71.00,51.00,126.00,764.00,7035.00,760.00,APPROVED
204,NY: NEW YORK CITY,09/26/2006 11:41:00,,163.00,51.00,74.00,56.00,127.00,788.00,7065.00,786.00,APPROVED
204,NY: NEW YORK CITY,09/26/2006 16:42:00,,162.00,51.00,74.00,59.00,126.00,789.00,6702.00,754.00,APPROVED
204,NY: NEW YORK CITY,09/26/2006 18:42:00,,161.00,52.00,72.00,59.00,126.00,775.00,6737.00,748.00,APPROVED
204,NY: NEW YORK CITY,09/26/2006 21:43:00,,157.00,49.00,73.00,59.00,124.00,762.00,6800.00,742.00,APPROVED
204,NY: NEW YORK CITY,09/26/2006 22:43:00,,155.00,50.00,72.00,58.00,124.00,757.00,6887.00,744.00,APPROVED
204,NY: NEW YORK CITY,10/11/2006 00:11:00,,200.00,75.00,46.00,67.00,136.00,885.00,7086.00,928.00,APPROVED
204,NY: NEW YORK CITY,10/11/2006 03:11:00,,194.00,71.00,47.00,70.00,137.00,869.00,7088.00,900.00,APPROVED
204,NY: NEW YORK CITY,10/11/2006 05:12:00,,193.00,70.00,45.00,67.00,135.00,859.00,7042.00,891.00,APPROVED
204,NY: NEW YORK CITY,10/11/2006 06:12:00,,185.00,68.00,44.00,65.00,134.00,843.00,7065.00,878.00,APPROVED
204,NY: NEW YORK CITY,10/11/2006 08:12:00,,186.00,68.00,45.00,67.00,131.00,845.00,7026.00,875.00,APPROVED
204,NY: NEW YORK CITY,10/11/2006 09:13:00,,183.00,69.00,45.00,66.00,130.00,843.00,7037.00,872.00,APPROVED
204,NY: NEW YORK CITY,10/11/2006 12:13:00,,187.00,71.00,45.00,67.00,134.00,854.00,7032.00,887.00,APPROVED
204,NY: NEW YORK CITY,10/11/2006 15:14:00,,192.00,71.00,45.00,67.00,135.00,858.00,7065.00,883.00,APPROVED
204,NY: NEW YORK CITY,10/11/2006 19:15:00,,189.00,68.00,44.00,70.00,131.00,853.00,7031.00,881.00,APPROVED
204,NY: NEW YORK CITY,10/11/2006 20:15:00,,194.00,70.00,46.00,70.00,136.00,870.00,7056.00,899.00,APPROVED
204,NY: NEW YORK CITY,10/13/2006 16:23:00,,196.00,72.00,47.00,64.00,136.00,877.00,7946.00,920.00,APPROVED
204,NY: NEW YORK CITY,10/13/2006 18:24:00,,195.00,72.00,47.00,62.00,139.00,871.00,7460.00,912.00,APPROVED
204,NY: NEW YORK CITY,10/14/2006 23:30:00,,192.00,69.00,44.00,66.00,134.00,856.00,7853.00,889.00,APPROVED
204,NY: NEW YORK CITY,10/17/2006 00:39:00,,187.00,68.00,43.00,64.00,134.00,845.00,7352.00,892.00,APPROVED
204,NY: NEW YORK CITY,10/17/2006 02:40:00,,187.00,69.00,46.00,67.00,136.00,845.00,7374.00,891.00,APPROVED
204,NY: NEW YORK CITY,11/06/2006 23:49:00,,191.00,69.00,45.00,68.00,135.00,852.00,7781.00,892.00,APPROVED
204,NY: NEW YORK CITY,11/07/2006 13:52:00,,185.00,69.00,45.00,65.00,133.00,846.00,7607.00,878.00,APPROVED
204,NY: NEW YORK CITY,12/15/2006 23:11:00,,214.00,75.00,50.00,73.00,142.00,925.00,7525.00,952.00,APPROVED
204,NY: NEW YORK CITY,12/16/2006 00:11:00,,217.00,77.00,50.00,72.00,148.00,933.00,7603.00,960.00,APPROVED
204,NY: NEW YORK CITY,12/16/2006 01:11:00,,216.00,78.00,52.00,73.00,148.00,932.00,7803.00,955.00,APPROVED
204,NY: NEW YORK CITY,12/16/2006 02:11:00,,221.00,78.00,51.00,71.00,146.00,940.00,7946.00,963.00,APPROVED
204,NY: NEW YORK CITY,12/16/2006 03:12:00,,219.00,81.00,50.00,73.00,145.00,942.00,8321.00,965.00,APPROVED
204,NY: NEW YORK CITY,12/16/2006 17:14:00,,208.00,74.00,47.00,69.00,141.00,900.00,7503.00,937.00,APPROVED
204,NY: NEW YORK CITY,12/16/2006 18:15:00,,202.00,75.00,47.00,67.00,139.00,894.00,7347.00,921.00,APPROVED
204,NY: NEW YORK CITY,12/16/2006 19:15:00,,197.00,71.00,45.00,68.00,138.00,871.00,7363.00,905.00,APPROVED
204,NY: NEW YORK CITY,12/16/2006 20:15:00,,189.00,71.00,45.00,66.00,135.00,856.00,7747.00,897.00,APPROVED
204,NY: NEW YORK CITY,12/16/2006 21:15:00,,189.00,69.00,46.00,69.00,129.00,848.00,8795.00,887.00,APPROVED
204,NY: NEW YORK CITY,12/29/2006 17:48:00,,199.00,73.00,46.00,70.00,138.00,886.00,7829.00,914.00,APPROVED
204,NY: NEW YORK CITY,12/29/2006 18:49:00,,202.00,72.00,46.00,70.00,139.00,889.00,7928.00,922.00,APPROVED
